{"v":"5.7.7","fr":30,"ip":0,"op":91,"w":3710,"h":3710,"nm":"High ROI Content","ddd":0,"assets":[],"layers":[{"ddd":0,"ind":1,"ty":4,"nm":"Head","parent":2,"sr":1,"ks":{"o":{"a":0,"k":100,"ix":11},"r":{"a":1,"k":[{"i":{"x":[0.667],"y":[1]},"o":{"x":[0.333],"y":[0]},"t":0,"s":[10]},{"i":{"x":[0.667],"y":[1]},"o":{"x":[0.333],"y":[0]},"t":45,"s":[0]},{"t":90,"s":[10]}],"ix":10},"p":{"a":0,"k":[94.635,28.539,0],"ix":2,"l":2},"a":{"a":0,"k":[134.411,245.066,0],"ix":1,"l":2},"s":{"a":0,"k":[100,100,100],"ix":6,"l":2}},"ao":0,"shapes":[{"ty":"gr","it":[{"ind":0,"ty":"sh","ix":1,"ks":{"a":0,"k":{"i":[[0,0],[2.521,-19.934],[-16.637,7.431]],"o":[[0,0],[-2.52,19.933],[0,0]],"v":[[14.429,-0.733],[-22.593,-4.469],[25.112,16.972]],"c":true},"ix":2},"nm":"Path 1","mn":"ADBE Vector Shape - Group","hd":false},{"ty":"fl","c":{"a":0,"k":[1,0.595256850299,0.580090092678,1],"ix":4},"o":{"a":0,"k":100,"ix":5},"r":1,"bm":0,"nm":"Fill 1","mn":"ADBE Vector Graphic - Fill","hd":false},{"ty":"tr","p":{"a":0,"k":[97.843,188.971],"ix":2},"a":{"a":0,"k":[0,0],"ix":1},"s":{"a":0,"k":[100,100],"ix":3},"r":{"a":0,"k":0,"ix":6},"o":{"a":0,"k":100,"ix":7},"sk":{"a":0,"k":0,"ix":4},"sa":{"a":0,"k":0,"ix":5},"nm":"Transform"}],"nm":"Group 1","np":2,"cix":2,"bm":0,"ix":1,"mn":"ADBE Vector Group","hd":false},{"ty":"gr","it":[{"ind":0,"ty":"sh","ix":1,"ks":{"a":0,"k":{"i":[[0,0],[1.276,1.95],[2.321,10.592],[-30.881,7.39],[-9.679,26.285],[39.56,-51.353],[1.503,1.956],[23.671,-10.621],[-0.304,-8.183],[2.367,0.451],[12.544,-27.571],[-6.116,-6.287],[2.718,-0.831],[-0.951,-17.245],[-7.589,1.086],[-0.842,-0.931],[-31.731,-3.686],[0.9,2.615],[0,0],[-1.792,0.794]],"o":[[2.13,-0.944],[-3.883,-5.931],[0,0],[30.881,-7.392],[9.438,-25.628],[-1.505,1.953],[-6.485,-8.441],[-22.152,9.939],[0.089,2.406],[-11.199,-2.136],[-10.333,22.71],[1.982,2.037],[-7.361,2.254],[1.315,23.841],[1.244,-0.178],[6.507,7.201],[2.748,0.319],[0,0],[-0.638,-1.854],[0,0]],"v":[[0.061,64.689],[1.702,59.187],[-11.779,30.565],[10.391,17.595],[97.003,-27.555],[42.084,-66.28],[36.127,-66.239],[-11.079,-81.578],[-35.422,-47.224],[-39.851,-43.398],[-90.471,-19.798],[-87.972,22.055],[-89.576,28.277],[-105.49,54.017],[-69.931,74.671],[-66.592,75.851],[0.964,117.314],[4.941,112.305],[-8.791,72.387],[-6.75,67.705]],"c":true},"ix":2},"nm":"Path 1","mn":"ADBE Vector Shape - Group","hd":false},{"ty":"fl","c":{"a":0,"k":[0.085116487391,0,0.398106892904,1],"ix":4},"o":{"a":0,"k":100,"ix":5},"r":1,"bm":0,"nm":"Fill 1","mn":"ADBE Vector Graphic - Fill","hd":false},{"ty":"tr","p":{"a":0,"k":[106.691,117.883],"ix":2},"a":{"a":0,"k":[0,0],"ix":1},"s":{"a":0,"k":[100,100],"ix":3},"r":{"a":0,"k":0,"ix":6},"o":{"a":0,"k":100,"ix":7},"sk":{"a":0,"k":0,"ix":4},"sa":{"a":0,"k":0,"ix":5},"nm":"Transform"}],"nm":"Group 2","np":2,"cix":2,"bm":0,"ix":2,"mn":"ADBE Vector Group","hd":false},{"ty":"gr","it":[{"ind":0,"ty":"sh","ix":1,"ks":{"a":0,"k":{"i":[[0,0],[6.211,-36.845],[52.438,29.924],[0,0]],"o":[[0,0],[-6.211,36.843],[0,0],[0,0]],"v":[[32.324,-82.45],[74.567,45.607],[-44.134,49.881],[-80.779,-48.606]],"c":true},"ix":2},"nm":"Path 1","mn":"ADBE Vector Shape - Group","hd":false},{"ty":"fl","c":{"a":0,"k":[1,0.595256850299,0.580090092678,1],"ix":4},"o":{"a":0,"k":100,"ix":5},"r":1,"bm":0,"nm":"Fill 1","mn":"ADBE Vector Graphic - Fill","hd":false},{"ty":"tr","p":{"a":0,"k":[148.569,181.058],"ix":2},"a":{"a":0,"k":[0,0],"ix":1},"s":{"a":0,"k":[100,100],"ix":3},"r":{"a":0,"k":0,"ix":6},"o":{"a":0,"k":100,"ix":7},"sk":{"a":0,"k":0,"ix":4},"sa":{"a":0,"k":0,"ix":5},"nm":"Transform"}],"nm":"Group 3","np":2,"cix":2,"bm":0,"ix":3,"mn":"ADBE Vector Group","hd":false}],"ip":0,"op":180,"st":0,"bm":0},{"ddd":0,"ind":2,"ty":4,"nm":"Neck","parent":9,"sr":1,"ks":{"o":{"a":0,"k":100,"ix":11},"r":{"a":0,"k":0,"ix":10},"p":{"a":0,"k":[209.529,32.331,0],"ix":2,"l":2},"a":{"a":0,"k":[61.822,142.626,0],"ix":1,"l":2},"s":{"a":0,"k":[100,100,100],"ix":6,"l":2}},"ao":0,"shapes":[{"ty":"gr","it":[{"ind":0,"ty":"sh","ix":1,"ks":{"a":0,"k":{"i":[[0,0],[0,0],[-1.958,-1.083],[-52.223,33.111],[-0.826,6.389],[0,0]],"o":[[0,0],[-0.73,2.114],[12.028,6.65],[5.44,-3.449],[0,0],[0,0]],"v":[[-22.479,-79.51],[-66.606,48.099],[-64.509,53.636],[43.076,46.399],[53.047,30.936],[67.336,-79.51]],"c":true},"ix":2},"nm":"Path 1","mn":"ADBE Vector Shape - Group","hd":false},{"ty":"fl","c":{"a":0,"k":[1,0.595256850299,0.580090092678,1],"ix":4},"o":{"a":0,"k":100,"ix":5},"r":1,"bm":0,"nm":"Fill 1","mn":"ADBE Vector Graphic - Fill","hd":false},{"ty":"tr","p":{"a":0,"k":[67.585,79.76],"ix":2},"a":{"a":0,"k":[0,0],"ix":1},"s":{"a":0,"k":[100,100],"ix":3},"r":{"a":0,"k":0,"ix":6},"o":{"a":0,"k":100,"ix":7},"sk":{"a":0,"k":0,"ix":4},"sa":{"a":0,"k":0,"ix":5},"nm":"Transform"}],"nm":"Group 1","np":2,"cix":2,"bm":0,"ix":1,"mn":"ADBE Vector Group","hd":false}],"ip":0,"op":180,"st":0,"bm":0},{"ddd":0,"ind":3,"ty":4,"nm":"TO Do","parent":4,"sr":1,"ks":{"o":{"a":0,"k":100,"ix":11},"r":{"a":0,"k":0,"ix":10},"p":{"a":0,"k":[-146.072,407.723,0],"ix":2,"l":2},"a":{"a":0,"k":[-450.773,570.303,0],"ix":1,"l":2},"s":{"a":0,"k":[100,100,100],"ix":6,"l":2}},"ao":0,"shapes":[{"ty":"gr","it":[{"ind":0,"ty":"sh","ix":1,"ks":{"a":0,"k":{"i":[[38.58,5.475],[-4.459,16.13],[-28.803,-4.609],[0,0],[21.892,6.778],[0,0],[18.491,8.987],[0,0],[13.605,8.861]],"o":[[0,0],[4.46,-16.13],[28.803,4.607],[0,0],[0,0],[0,0],[0,0],[0,0],[-13.603,-8.863]],"v":[[-43.516,46.494],[-50.113,-15.101],[-8.208,-47.36],[54.572,-30.618],[30.964,-16.387],[44.54,-5.883],[24.109,1.952],[36.734,15.882],[15.189,20.837]],"c":true},"ix":2},"nm":"Path 1","mn":"ADBE Vector Shape - Group","hd":false},{"ty":"fl","c":{"a":0,"k":[1,0.595256850299,0.580090092678,1],"ix":4},"o":{"a":0,"k":100,"ix":5},"r":1,"bm":0,"nm":"Fill 1","mn":"ADBE Vector Graphic - Fill","hd":false},{"ty":"tr","p":{"a":0,"k":[64.418,214.383],"ix":2},"a":{"a":0,"k":[0,0],"ix":1},"s":{"a":0,"k":[100,100],"ix":3},"r":{"a":0,"k":0,"ix":6},"o":{"a":0,"k":100,"ix":7},"sk":{"a":0,"k":0,"ix":4},"sa":{"a":0,"k":0,"ix":5},"nm":"Transform"}],"nm":"Group 1","np":2,"cix":2,"bm":0,"ix":1,"mn":"ADBE Vector Group","hd":false},{"ty":"gr","it":[{"ind":0,"ty":"sh","ix":1,"ks":{"a":0,"k":{"i":[[-0.697,3.635],[0,0],[-2.509,0.255],[0,0],[0.918,-3.823],[0,0],[2.529,-0.126],[0,0]],"o":[[0,0],[0.475,-2.477],[0,0],[3.913,-0.396],[0,0],[-0.591,2.462],[0,0],[-3.697,0.187]],"v":[[-66.174,17.262],[-61.433,-7.432],[-56.404,-12.035],[59.826,-23.829],[65.953,-16.818],[58.563,13.953],[53.3,18.321],[-60.281,24.038]],"c":true},"ix":2},"nm":"Path 1","mn":"ADBE Vector Shape - Group","hd":false},{"ty":"fl","c":{"a":0,"k":[0.591472670611,0.717538631664,0.981041882085,1],"ix":4},"o":{"a":0,"k":100,"ix":5},"r":1,"bm":0,"nm":"Fill 1","mn":"ADBE Vector Graphic - Fill","hd":false},{"ty":"tr","p":{"a":0,"k":[223.416,41.805],"ix":2},"a":{"a":0,"k":[0,0],"ix":1},"s":{"a":0,"k":[100,100],"ix":3},"r":{"a":0,"k":0,"ix":6},"o":{"a":0,"k":100,"ix":7},"sk":{"a":0,"k":0,"ix":4},"sa":{"a":0,"k":0,"ix":5},"nm":"Transform"}],"nm":"Group 2","np":2,"cix":2,"bm":0,"ix":2,"mn":"ADBE Vector Group","hd":false},{"ty":"gr","it":[{"ind":0,"ty":"sh","ix":1,"ks":{"a":0,"k":{"i":[[-1.644,0.274],[0,0],[0.974,-2.951],[0,0],[1.569,-0.21],[0,0],[-0.659,2.815],[0,0]],"o":[[0,0],[3.066,-0.511],[0,0],[-0.496,1.502],[0,0],[-2.865,0.382],[0,0],[0.38,-1.623]],"v":[[-27.797,-6.761],[29.749,-16.349],[34.351,-10.981],[28.654,6.282],[25.279,9.081],[-30.098,16.478],[-34.666,11.443],[-31.14,-3.628]],"c":true},"ix":2},"nm":"Path 1","mn":"ADBE Vector Shape - Group","hd":false},{"ty":"fl","c":{"a":0,"k":[0.591472670611,0.717538631664,0.981041882085,1],"ix":4},"o":{"a":0,"k":100,"ix":5},"r":1,"bm":0,"nm":"Fill 1","mn":"ADBE Vector Graphic - Fill","hd":false},{"ty":"tr","p":{"a":0,"k":[228.128,17.11],"ix":2},"a":{"a":0,"k":[0,0],"ix":1},"s":{"a":0,"k":[100,100],"ix":3},"r":{"a":0,"k":0,"ix":6},"o":{"a":0,"k":100,"ix":7},"sk":{"a":0,"k":0,"ix":4},"sa":{"a":0,"k":0,"ix":5},"nm":"Transform"}],"nm":"Group 3","np":2,"cix":2,"bm":0,"ix":3,"mn":"ADBE Vector Group","hd":false},{"ty":"gr","it":[{"ind":0,"ty":"sh","ix":1,"ks":{"a":0,"k":{"i":[[-1.475,5.152],[0,0],[-3.251,0.379],[-48.113,4.07],[-40.217,-3.38],[2.543,-5.144],[47.108,-61.655],[2.571,0.023],[0,0]],"o":[[0,0],[0.9,-3.146],[14.381,-1.678],[57.954,-4.902],[5.718,0.48],[-22.87,46.267],[-1.561,2.043],[0,0],[-5.359,-0.051]],"v":[[-181.771,145.129],[-102.398,-132.058],[-95.562,-137.878],[8.602,-148.336],[174.073,-153.83],[180.703,-142.159],[16.653,153.974],[10.108,157.186],[-174.049,155.474]],"c":true},"ix":2},"nm":"Path 1","mn":"ADBE Vector Shape - Group","hd":false},{"ty":"fl","c":{"a":0,"k":[0.085116487391,0,0.398106892904,1],"ix":4},"o":{"a":0,"k":100,"ix":5},"r":1,"bm":0,"nm":"Fill 1","mn":"ADBE Vector Graphic - Fill","hd":false},{"ty":"tr","p":{"a":0,"k":[183.496,182.716],"ix":2},"a":{"a":0,"k":[0,0],"ix":1},"s":{"a":0,"k":[100,100],"ix":3},"r":{"a":0,"k":0,"ix":6},"o":{"a":0,"k":100,"ix":7},"sk":{"a":0,"k":0,"ix":4},"sa":{"a":0,"k":0,"ix":5},"nm":"Transform"}],"nm":"Group 4","np":2,"cix":2,"bm":0,"ix":4,"mn":"ADBE Vector Group","hd":false}],"ip":0,"op":180,"st":0,"bm":0},{"ddd":0,"ind":4,"ty":4,"nm":"Hand R","parent":5,"sr":1,"ks":{"o":{"a":0,"k":100,"ix":11},"r":{"a":0,"k":0,"ix":10},"p":{"a":0,"k":[61.011,212.496,0],"ix":2,"l":2},"a":{"a":0,"k":[67.433,12.891,0],"ix":1,"l":2},"s":{"a":0,"k":[100,100,100],"ix":6,"l":2}},"ao":0,"shapes":[{"ty":"gr","it":[{"ind":0,"ty":"sh","ix":1,"ks":{"a":0,"k":{"i":[[0,0],[49.072,70.182],[-2.51,13.808],[24.475,1.802],[-19.768,-36.161],[0,0]],"o":[[0,0],[-10.188,-14.573],[-43.594,-22.011],[-6.423,33.641],[85.957,157.239],[0,0]],"v":[[152.202,-70.377],[-42.305,-58.367],[-52.418,-101.23],[-165.025,-131.411],[-148.284,-25.828],[171.449,-34.519]],"c":true},"ix":2},"nm":"Path 1","mn":"ADBE Vector Shape - Group","hd":false},{"ty":"fl","c":{"a":0,"k":[1,0.595256850299,0.580090092678,1],"ix":4},"o":{"a":0,"k":100,"ix":5},"r":1,"bm":0,"nm":"Fill 1","mn":"ADBE Vector Graphic - Fill","hd":false},{"ty":"tr","p":{"a":0,"k":[171.698,131.661],"ix":2},"a":{"a":0,"k":[0,0],"ix":1},"s":{"a":0,"k":[100,100],"ix":3},"r":{"a":0,"k":0,"ix":6},"o":{"a":0,"k":100,"ix":7},"sk":{"a":0,"k":0,"ix":4},"sa":{"a":0,"k":0,"ix":5},"nm":"Transform"}],"nm":"Group 1","np":2,"cix":2,"bm":0,"ix":1,"mn":"ADBE Vector Group","hd":false}],"ip":0,"op":180,"st":0,"bm":0},{"ddd":0,"ind":5,"ty":4,"nm":"Arm R","parent":9,"sr":1,"ks":{"o":{"a":0,"k":100,"ix":11},"r":{"a":1,"k":[{"i":{"x":[0.667],"y":[1]},"o":{"x":[0.333],"y":[0]},"t":0,"s":[0]},{"i":{"x":[0.667],"y":[1]},"o":{"x":[0.333],"y":[0]},"t":45,"s":[-5]},{"t":90,"s":[0]}],"ix":10},"p":{"a":0,"k":[40.765,43.846,0],"ix":2,"l":2},"a":{"a":0,"k":[150.265,5.143,0],"ix":1,"l":2},"s":{"a":0,"k":[100,100,100],"ix":6,"l":2}},"ao":0,"shapes":[{"ty":"gr","it":[{"ind":0,"ty":"sh","ix":1,"ks":{"a":0,"k":{"i":[[0,0],[0,0],[21.303,-111.591],[-43.594,-22.012]],"o":[[0,0],[0,0],[24.475,1.802],[9.58,-52.691]],"v":[[102.015,19.39],[48.823,-114.893],[-102.015,84.711],[10.593,114.893]],"c":true},"ix":2},"nm":"Path 1","mn":"ADBE Vector Shape - Group","hd":false},{"ty":"fl","c":{"a":0,"k":[0.996211152918,0.468252383961,0.416115405513,1],"ix":4},"o":{"a":0,"k":100,"ix":5},"r":1,"bm":0,"nm":"Fill 1","mn":"ADBE Vector Graphic - Fill","hd":false},{"ty":"tr","p":{"a":0,"k":[102.265,115.143],"ix":2},"a":{"a":0,"k":[0,0],"ix":1},"s":{"a":0,"k":[100,100],"ix":3},"r":{"a":0,"k":0,"ix":6},"o":{"a":0,"k":100,"ix":7},"sk":{"a":0,"k":0,"ix":4},"sa":{"a":0,"k":0,"ix":5},"nm":"Transform"}],"nm":"Group 1","np":2,"cix":2,"bm":0,"ix":1,"mn":"ADBE Vector Group","hd":false}],"ip":0,"op":180,"st":0,"bm":0},{"ddd":0,"ind":6,"ty":4,"nm":"Finger L","parent":7,"sr":1,"ks":{"o":{"a":0,"k":100,"ix":11},"r":{"a":1,"k":[{"i":{"x":[0.667],"y":[1]},"o":{"x":[0.333],"y":[0]},"t":0,"s":[0]},{"i":{"x":[0.667],"y":[1]},"o":{"x":[0.333],"y":[0]},"t":45,"s":[-5]},{"t":90,"s":[0]}],"ix":10},"p":{"a":0,"k":[248.592,23.374,0],"ix":2,"l":2},"a":{"a":0,"k":[14.228,150.863,0],"ix":1,"l":2},"s":{"a":0,"k":[100,100,100],"ix":6,"l":2}},"ao":0,"shapes":[{"ty":"gr","it":[{"ind":0,"ty":"sh","ix":1,"ks":{"a":0,"k":{"i":[[5.027,2.568],[0,0],[0,0],[0,0],[-5.398,8.781]],"o":[[0,0],[0,0],[0,0],[0,0],[5.399,-8.783]],"v":[[12.005,-32.478],[-12.224,-11.938],[-19.831,8.511],[1.772,32.478],[14.433,-16.88]],"c":true},"ix":2},"nm":"Path 1","mn":"ADBE Vector Shape - Group","hd":false},{"ty":"fl","c":{"a":0,"k":[1,0.595256850299,0.580090092678,1],"ix":4},"o":{"a":0,"k":100,"ix":5},"r":1,"bm":0,"nm":"Fill 1","mn":"ADBE Vector Graphic - Fill","hd":false},{"ty":"tr","p":{"a":0,"k":[40.044,96.514],"ix":2},"a":{"a":0,"k":[0,0],"ix":1},"s":{"a":0,"k":[100,100],"ix":3},"r":{"a":0,"k":0,"ix":6},"o":{"a":0,"k":100,"ix":7},"sk":{"a":0,"k":0,"ix":4},"sa":{"a":0,"k":0,"ix":5},"nm":"Transform"}],"nm":"Group 1","np":2,"cix":2,"bm":0,"ix":1,"mn":"ADBE Vector Group","hd":false},{"ty":"gr","it":[{"ind":0,"ty":"sh","ix":1,"ks":{"a":0,"k":{"i":[[0,0],[9.719,18.534],[-5.308,7.236],[0,0],[0,0],[0,0],[-3.179,-12.156],[4.65,-8.378],[6.019,-8.553]],"o":[[1.426,4.532],[-0.34,-8.882],[28.268,-38.54],[9.262,9.139],[0,0],[5.561,10.05],[2.408,9.205],[-4.667,8.408],[-11.394,16.19]],"v":[[-18.281,68.347],[-43.082,61.246],[-43.515,7.073],[39.561,-79.78],[41.193,-61.661],[14.605,-33.964],[30.128,-3.275],[26.414,24.146],[9.36,52.037]],"c":true},"ix":2},"nm":"Path 1","mn":"ADBE Vector Shape - Group","hd":false},{"ty":"fl","c":{"a":0,"k":[1,0.595256850299,0.580090092678,1],"ix":4},"o":{"a":0,"k":100,"ix":5},"r":1,"bm":0,"nm":"Fill 1","mn":"ADBE Vector Graphic - Fill","hd":false},{"ty":"tr","p":{"a":0,"k":[49.073,80.03],"ix":2},"a":{"a":0,"k":[0,0],"ix":1},"s":{"a":0,"k":[100,100],"ix":3},"r":{"a":0,"k":0,"ix":6},"o":{"a":0,"k":100,"ix":7},"sk":{"a":0,"k":0,"ix":4},"sa":{"a":0,"k":0,"ix":5},"nm":"Transform"}],"nm":"Group 2","np":2,"cix":2,"bm":0,"ix":2,"mn":"ADBE Vector Group","hd":false}],"ip":0,"op":180,"st":0,"bm":0},{"ddd":0,"ind":7,"ty":4,"nm":"Hand L","parent":8,"sr":1,"ks":{"o":{"a":0,"k":100,"ix":11},"r":{"a":0,"k":0,"ix":10},"p":{"a":0,"k":[212.987,101.661,0],"ix":2,"l":2},"a":{"a":0,"k":[6.356,299.712,0],"ix":1,"l":2},"s":{"a":0,"k":[100,100,100],"ix":6,"l":2}},"ao":0,"shapes":[{"ty":"gr","it":[{"ind":0,"ty":"sh","ix":1,"ks":{"a":0,"k":{"i":[[0,0],[0,0],[109.934,-34.166],[-35.062,-40.642]],"o":[[-13.623,-16.454],[-20.408,86.205],[7.179,30.57],[182.445,-102.581]],"v":[[134.107,-144.036],[103.241,-152.706],[-134.106,37.561],[-75.335,160.489]],"c":true},"ix":2},"nm":"Path 1","mn":"ADBE Vector Shape - Group","hd":false},{"ty":"fl","c":{"a":0,"k":[1,0.595256850299,0.580090092678,1],"ix":4},"o":{"a":0,"k":100,"ix":5},"r":1,"bm":0,"nm":"Fill 1","mn":"ADBE Vector Graphic - Fill","hd":false},{"ty":"tr","p":{"a":0,"k":[134.357,160.74],"ix":2},"a":{"a":0,"k":[0,0],"ix":1},"s":{"a":0,"k":[100,100],"ix":3},"r":{"a":0,"k":0,"ix":6},"o":{"a":0,"k":100,"ix":7},"sk":{"a":0,"k":0,"ix":4},"sa":{"a":0,"k":0,"ix":5},"nm":"Transform"}],"nm":"Group 1","np":2,"cix":2,"bm":0,"ix":1,"mn":"ADBE Vector Group","hd":false}],"ip":0,"op":180,"st":0,"bm":0},{"ddd":0,"ind":8,"ty":4,"nm":"Arm L","parent":9,"sr":1,"ks":{"o":{"a":0,"k":100,"ix":11},"r":{"a":1,"k":[{"i":{"x":[0.667],"y":[1]},"o":{"x":[0.333],"y":[0]},"t":0,"s":[0]},{"i":{"x":[0.667],"y":[1]},"o":{"x":[0.333],"y":[0]},"t":45,"s":[10]},{"t":90,"s":[0]}],"ix":10},"p":{"a":0,"k":[336.775,79.225,0],"ix":2,"l":2},"a":{"a":0,"k":[68.951,99.604,0],"ix":1,"l":2},"s":{"a":0,"k":[100,100,100],"ix":6,"l":2}},"ao":0,"shapes":[{"ty":"gr","it":[{"ind":0,"ty":"sh","ix":1,"ks":{"a":0,"k":{"i":[[-45.967,25.847],[7.179,30.571],[39.073,-1.19],[0.071,-0.082],[0.771,0],[0,-43.1],[-43.1,0],[-5.722,1.336],[0,0]],"o":[[-35.062,-40.642],[-43.266,13.446],[-0.085,0.003],[-0.765,-0.022],[-43.1,0],[0,43.1],[6.129,0],[0.006,0.047],[67.758,-8.409]],"v":[[132.701,33.574],[73.929,-89.354],[-52.13,-66.799],[-52.363,-66.667],[-54.661,-66.725],[-132.701,11.315],[-54.661,89.354],[-36.855,87.29],[-36.843,87.379]],"c":true},"ix":2},"nm":"Path 1","mn":"ADBE Vector Shape - Group","hd":false},{"ty":"fl","c":{"a":0,"k":[0.996211152918,0.468252383961,0.416115405513,1],"ix":4},"o":{"a":0,"k":100,"ix":5},"r":1,"bm":0,"nm":"Fill 1","mn":"ADBE Vector Graphic - Fill","hd":false},{"ty":"tr","p":{"a":0,"k":[132.951,89.604],"ix":2},"a":{"a":0,"k":[0,0],"ix":1},"s":{"a":0,"k":[100,100],"ix":3},"r":{"a":0,"k":0,"ix":6},"o":{"a":0,"k":100,"ix":7},"sk":{"a":0,"k":0,"ix":4},"sa":{"a":0,"k":0,"ix":5},"nm":"Transform"}],"nm":"Group 1","np":2,"cix":2,"bm":0,"ix":1,"mn":"ADBE Vector Group","hd":false}],"ip":0,"op":180,"st":0,"bm":0},{"ddd":0,"ind":9,"ty":4,"nm":"Body","sr":1,"ks":{"o":{"a":0,"k":100,"ix":11},"r":{"a":0,"k":0,"ix":10},"p":{"a":0,"k":[1268.118,2078.467,0],"ix":2,"l":2},"a":{"a":0,"k":[195.887,285.01,0],"ix":1,"l":2},"s":{"a":0,"k":[100,100,100],"ix":6,"l":2}},"ao":0,"shapes":[{"ty":"gr","it":[{"ind":0,"ty":"sh","ix":1,"ks":{"a":0,"k":{"i":[[42.774,0.707],[0,0],[0,0],[0,0],[0,0]],"o":[[-138.68,-2.291],[-41.338,241.202],[107.362,28.154],[17.845,-100.817],[11.55,-34.666]],"v":[[145.13,-290.845],[-146.566,-254.431],[-153.795,264.982],[74.678,247.768],[175.779,-136.783]],"c":true},"ix":2},"nm":"Path 1","mn":"ADBE Vector Shape - Group","hd":false},{"ty":"fl","c":{"a":0,"k":[0.996211152918,0.468252383961,0.416115405513,1],"ix":4},"o":{"a":0,"k":100,"ix":5},"r":1,"bm":0,"nm":"Fill 1","mn":"ADBE Vector Graphic - Fill","hd":false},{"ty":"tr","p":{"a":0,"k":[188.154,293.385],"ix":2},"a":{"a":0,"k":[0,0],"ix":1},"s":{"a":0,"k":[100,100],"ix":3},"r":{"a":0,"k":0,"ix":6},"o":{"a":0,"k":100,"ix":7},"sk":{"a":0,"k":0,"ix":4},"sa":{"a":0,"k":0,"ix":5},"nm":"Transform"}],"nm":"Group 1","np":2,"cix":2,"bm":0,"ix":1,"mn":"ADBE Vector Group","hd":false}],"ip":0,"op":180,"st":0,"bm":0},{"ddd":0,"ind":10,"ty":4,"nm":"Leg R","parent":9,"sr":1,"ks":{"o":{"a":0,"k":100,"ix":11},"r":{"a":0,"k":0,"ix":10},"p":{"a":0,"k":[131.822,561.831,0],"ix":2,"l":2},"a":{"a":0,"k":[139.933,59.66,0],"ix":1,"l":2},"s":{"a":0,"k":[100,100,100],"ix":6,"l":2}},"ao":0,"shapes":[{"ty":"gr","it":[{"ind":0,"ty":"sh","ix":1,"ks":{"a":0,"k":{"i":[[0,0],[-18.992,-80.438],[-4.992,-0.827],[-13.76,3.996],[-0.193,4.934],[-43.119,157.779],[-6.756,4.803],[0,0],[0,0]],"o":[[-46.276,279.277],[1.163,4.925],[8.478,1.405],[4.741,-1.377],[2.548,-65.032],[2.184,-7.997],[0,0],[0,0],[0,0]],"v":[[-91.176,-376.738],[-62.147,393.956],[-52.018,403.482],[-15.823,402.037],[-7.558,391.45],[33.524,-230.594],[47.347,-250.366],[131.036,-309.864],[137.452,-406.033]],"c":true},"ix":2},"nm":"Path 1","mn":"ADBE Vector Shape - Group","hd":false},{"ty":"fl","c":{"a":0,"k":[0.085116487391,0,0.398106892904,1],"ix":4},"o":{"a":0,"k":100,"ix":5},"r":1,"bm":0,"nm":"Fill 1","mn":"ADBE Vector Graphic - Fill","hd":false},{"ty":"tr","p":{"a":0,"k":[137.702,406.284],"ix":2},"a":{"a":0,"k":[0,0],"ix":1},"s":{"a":0,"k":[100,100],"ix":3},"r":{"a":0,"k":0,"ix":6},"o":{"a":0,"k":100,"ix":7},"sk":{"a":0,"k":0,"ix":4},"sa":{"a":0,"k":0,"ix":5},"nm":"Transform"}],"nm":"Group 1","np":2,"cix":2,"bm":0,"ix":1,"mn":"ADBE Vector Group","hd":false}],"ip":0,"op":180,"st":0,"bm":0},{"ddd":0,"ind":11,"ty":4,"nm":"Ankle L","parent":10,"sr":1,"ks":{"o":{"a":0,"k":100,"ix":11},"r":{"a":0,"k":0,"ix":10},"p":{"a":0,"k":[100.233,810.081,0],"ix":2,"l":2},"a":{"a":0,"k":[22.914,35.085,0],"ix":1,"l":2},"s":{"a":0,"k":[100,100,100],"ix":6,"l":2}},"ao":0,"shapes":[{"ty":"gr","it":[{"ind":0,"ty":"sh","ix":1,"ks":{"a":0,"k":{"i":[[0,0],[0,0],[-22.476,6.127],[0,0]],"o":[[0,0],[0,0],[0,0],[0,0]],"v":[[-22.664,-34.35],[-11.174,28.332],[22.664,30.658],[17.18,-36.785]],"c":true},"ix":2},"nm":"Path 1","mn":"ADBE Vector Shape - Group","hd":false},{"ty":"fl","c":{"a":0,"k":[1,0.595256850299,0.580090092678,1],"ix":4},"o":{"a":0,"k":100,"ix":5},"r":1,"bm":0,"nm":"Fill 1","mn":"ADBE Vector Graphic - Fill","hd":false},{"ty":"tr","p":{"a":0,"k":[22.914,37.035],"ix":2},"a":{"a":0,"k":[0,0],"ix":1},"s":{"a":0,"k":[100,100],"ix":3},"r":{"a":0,"k":0,"ix":6},"o":{"a":0,"k":100,"ix":7},"sk":{"a":0,"k":0,"ix":4},"sa":{"a":0,"k":0,"ix":5},"nm":"Transform"}],"nm":"Group 1","np":2,"cix":2,"bm":0,"ix":1,"mn":"ADBE Vector Group","hd":false}],"ip":0,"op":180,"st":0,"bm":0},{"ddd":0,"ind":12,"ty":4,"nm":"Shooes L","parent":11,"sr":1,"ks":{"o":{"a":0,"k":100,"ix":11},"r":{"a":0,"k":0,"ix":10},"p":{"a":0,"k":[29.449,70.255,0],"ix":2,"l":2},"a":{"a":0,"k":[41.772,14.508,0],"ix":1,"l":2},"s":{"a":0,"k":[100,100,100],"ix":6,"l":2}},"ao":0,"shapes":[{"ty":"gr","it":[{"ind":0,"ty":"sh","ix":1,"ks":{"a":0,"k":{"i":[[0,0],[9.434,-46.485],[-8.525,-0.837],[-18.6,0.129],[1.034,8.512],[19.829,21.697]],"o":[[0,0],[-1.703,8.396],[15.084,1.483],[8.574,-0.059],[-2.06,-16.968],[0,0]],"v":[[-22.401,-42.32],[-41.578,21.66],[-28.891,38.928],[28.014,42.191],[42.247,26.154],[13.939,-40.349]],"c":true},"ix":2},"nm":"Path 1","mn":"ADBE Vector Shape - Group","hd":false},{"ty":"fl","c":{"a":0,"k":[0.085116487391,0,0.398106892904,1],"ix":4},"o":{"a":0,"k":100,"ix":5},"r":1,"bm":0,"nm":"Fill 1","mn":"ADBE Vector Graphic - Fill","hd":false},{"ty":"tr","p":{"a":0,"k":[43.531,42.57],"ix":2},"a":{"a":0,"k":[0,0],"ix":1},"s":{"a":0,"k":[100,100],"ix":3},"r":{"a":0,"k":0,"ix":6},"o":{"a":0,"k":100,"ix":7},"sk":{"a":0,"k":0,"ix":4},"sa":{"a":0,"k":0,"ix":5},"nm":"Transform"}],"nm":"Group 1","np":2,"cix":2,"bm":0,"ix":1,"mn":"ADBE Vector Group","hd":false}],"ip":0,"op":180,"st":0,"bm":0},{"ddd":0,"ind":13,"ty":4,"nm":"Leg R","parent":9,"sr":1,"ks":{"o":{"a":0,"k":100,"ix":11},"r":{"a":0,"k":0,"ix":10},"p":{"a":0,"k":[254.973,539.511,0],"ix":2,"l":2},"a":{"a":0,"k":[127.322,126.683,0],"ix":1,"l":2},"s":{"a":0,"k":[100,100,100],"ix":6,"l":2}},"ao":0,"shapes":[{"ty":"gr","it":[{"ind":0,"ty":"sh","ix":1,"ks":{"a":0,"k":{"i":[[0,0],[-56.581,-237.209],[3.684,-1.506],[20.389,-0.685],[1.781,6.061],[10.11,263.413],[0,0],[0,0]],"o":[[-2.125,10.824],[0.923,3.87],[-8.678,3.546],[-6.314,0.213],[-16.173,-55.036],[-11.297,-294.337],[0,0],[0,0]],"v":[[44.18,-346.953],[89.359,430.406],[84.636,439.772],[38.556,449.136],[24.799,439.184],[-78.985,-155.012],[-78.985,-165.034],[-72.359,-346.975]],"c":true},"ix":2},"nm":"Path 1","mn":"ADBE Vector Shape - Group","hd":false},{"ty":"fl","c":{"a":0,"k":[0.085116487391,0,0.398106892904,1],"ix":4},"o":{"a":0,"k":100,"ix":5},"r":1,"bm":0,"nm":"Fill 1","mn":"ADBE Vector Graphic - Fill","hd":false},{"ty":"tr","p":{"a":0,"k":[90.532,449.599],"ix":2},"a":{"a":0,"k":[0,0],"ix":1},"s":{"a":0,"k":[100,100],"ix":3},"r":{"a":0,"k":0,"ix":6},"o":{"a":0,"k":100,"ix":7},"sk":{"a":0,"k":0,"ix":4},"sa":{"a":0,"k":0,"ix":5},"nm":"Transform"}],"nm":"Group 1","np":2,"cix":2,"bm":0,"ix":1,"mn":"ADBE Vector Group","hd":false}],"ip":0,"op":180,"st":0,"bm":0},{"ddd":0,"ind":14,"ty":4,"nm":"Ankle R","parent":13,"sr":1,"ks":{"o":{"a":0,"k":100,"ix":11},"r":{"a":0,"k":0,"ix":10},"p":{"a":0,"k":[156.266,896.116,0],"ix":2,"l":2},"a":{"a":0,"k":[25.5,20.868,0],"ix":1,"l":2},"s":{"a":0,"k":[100,100,100],"ix":6,"l":2}},"ao":0,"shapes":[{"ty":"gr","it":[{"ind":0,"ty":"sh","ix":1,"ks":{"a":0,"k":{"i":[[0,0],[0,0],[-19.309,14.82],[0,0]],"o":[[0,0],[0,0],[0,0],[0,0]],"v":[[-26.25,-24.105],[-21.332,17.344],[26.25,15.685],[14.542,-30.505]],"c":true},"ix":2},"nm":"Path 1","mn":"ADBE Vector Shape - Group","hd":false},{"ty":"fl","c":{"a":0,"k":[1,0.595256850299,0.580090092678,1],"ix":4},"o":{"a":0,"k":100,"ix":5},"r":1,"bm":0,"nm":"Fill 1","mn":"ADBE Vector Graphic - Fill","hd":false},{"ty":"tr","p":{"a":0,"k":[26.5,30.756],"ix":2},"a":{"a":0,"k":[0,0],"ix":1},"s":{"a":0,"k":[100,100],"ix":3},"r":{"a":0,"k":0,"ix":6},"o":{"a":0,"k":100,"ix":7},"sk":{"a":0,"k":0,"ix":4},"sa":{"a":0,"k":0,"ix":5},"nm":"Transform"}],"nm":"Group 1","np":2,"cix":2,"bm":0,"ix":1,"mn":"ADBE Vector Group","hd":false}],"ip":0,"op":180,"st":0,"bm":0},{"ddd":0,"ind":15,"ty":4,"nm":"Shooes R","parent":14,"sr":1,"ks":{"o":{"a":0,"k":100,"ix":11},"r":{"a":0,"k":0,"ix":10},"p":{"a":0,"k":[-1546.712,667.498,0],"ix":2,"l":2},"a":{"a":0,"k":[-1541.432,640.737,0],"ix":1,"l":2},"s":{"a":0,"k":[100,100,100],"ix":6,"l":2}},"ao":0,"shapes":[{"ty":"gr","it":[{"ind":0,"ty":"sh","ix":1,"ks":{"a":0,"k":{"i":[[0,0],[3.001,-34.303],[-13.446,-0.561],[-35.062,1.564],[1.951,4.903],[4.017,1.846],[0,0]],"o":[[0,0],[-1.172,13.405],[45.68,1.902],[5.271,-0.235],[-1.635,-4.107],[0,0],[0,0]],"v":[[-95.182,-50.081],[-104.305,18.874],[-81.696,44.48],[96.759,48.517],[103.526,37.983],[94.721,28.708],[-66.682,-45.473]],"c":true},"ix":2},"nm":"Path 1","mn":"ADBE Vector Shape - Group","hd":false},{"ty":"fl","c":{"a":0,"k":[0.085116487391,0,0.398106892904,1],"ix":4},"o":{"a":0,"k":100,"ix":5},"r":1,"bm":0,"nm":"Fill 1","mn":"ADBE Vector Graphic - Fill","hd":false},{"ty":"tr","p":{"a":0,"k":[105.727,50.331],"ix":2},"a":{"a":0,"k":[0,0],"ix":1},"s":{"a":0,"k":[100,100],"ix":3},"r":{"a":0,"k":0,"ix":6},"o":{"a":0,"k":100,"ix":7},"sk":{"a":0,"k":0,"ix":4},"sa":{"a":0,"k":0,"ix":5},"nm":"Transform"}],"nm":"Group 1","np":2,"cix":2,"bm":0,"ix":1,"mn":"ADBE Vector Group","hd":false}],"ip":0,"op":180,"st":0,"bm":0},{"ddd":0,"ind":16,"ty":4,"nm":"Heart","sr":1,"ks":{"o":{"a":0,"k":100,"ix":11},"r":{"a":0,"k":0,"ix":10},"p":{"a":1,"k":[{"i":{"x":0.667,"y":1},"o":{"x":0.333,"y":0},"t":-45,"s":[2569.557,720.875,0],"to":[0,0,0],"ti":[0,0,0]},{"i":{"x":0.667,"y":1},"o":{"x":0.333,"y":0},"t":0,"s":[2569.557,820.875,0],"to":[0,0,0],"ti":[0,0,0]},{"i":{"x":0.667,"y":1},"o":{"x":0.333,"y":0},"t":45,"s":[2569.557,720.875,0],"to":[0,0,0],"ti":[0,0,0]},{"i":{"x":0.667,"y":1},"o":{"x":0.333,"y":0},"t":90,"s":[2569.557,820.875,0],"to":[0,0,0],"ti":[0,0,0]},{"t":135,"s":[2569.557,720.875,0]}],"ix":2,"l":2},"a":{"a":0,"k":[264.937,264.937,0],"ix":1,"l":2},"s":{"a":0,"k":[100,100,100],"ix":6,"l":2}},"ao":0,"shapes":[{"ty":"gr","it":[{"ind":0,"ty":"sh","ix":1,"ks":{"a":0,"k":{"i":[[36.479,35.856],[36.082,-30.29],[5.244,4.252],[33.026,-33.597],[-36.481,-35.856],[0,0],[-5.45,5.544],[0,0]],"o":[[-33.604,-33.029],[-5.171,4.342],[-36.563,-29.653],[-35.855,36.481],[0,0],[5.546,5.449],[0,0],[35.854,-36.479]],"v":[[130.409,-112.813],[8.315,-105.615],[-9.595,-105.475],[-131.537,-110.558],[-130.408,20.416],[-8.349,140.393],[11.562,140.221],[131.538,18.161]],"c":true},"ix":2},"nm":"Path 1","mn":"ADBE Vector Shape - Group","hd":false},{"ty":"fl","c":{"a":0,"k":[1,1,1,1],"ix":4},"o":{"a":0,"k":100,"ix":5},"r":1,"bm":0,"nm":"Fill 1","mn":"ADBE Vector Graphic - Fill","hd":false},{"ty":"tr","p":{"a":0,"k":[259.394,271.746],"ix":2},"a":{"a":0,"k":[0,0],"ix":1},"s":{"a":0,"k":[100,100],"ix":3},"r":{"a":0,"k":0,"ix":6},"o":{"a":0,"k":100,"ix":7},"sk":{"a":0,"k":0,"ix":4},"sa":{"a":0,"k":0,"ix":5},"nm":"Transform"}],"nm":"Group 1","np":2,"cix":2,"bm":0,"ix":1,"mn":"ADBE Vector Group","hd":false},{"ty":"gr","it":[{"ind":0,"ty":"sh","ix":1,"ks":{"a":0,"k":{"i":[[0,-146.183],[146.182,0],[0,146.182],[-146.183,0]],"o":[[0,146.182],[-146.183,0],[0,-146.183],[146.182,0]],"v":[[264.687,0],[0,264.687],[-264.687,0],[0,-264.687]],"c":true},"ix":2},"nm":"Path 1","mn":"ADBE Vector Shape - Group","hd":false},{"ty":"fl","c":{"a":0,"k":[0.516589235792,0.613265811696,0.959242996515,1],"ix":4},"o":{"a":0,"k":100,"ix":5},"r":1,"bm":0,"nm":"Fill 1","mn":"ADBE Vector Graphic - Fill","hd":false},{"ty":"tr","p":{"a":0,"k":[264.937,264.937],"ix":2},"a":{"a":0,"k":[0,0],"ix":1},"s":{"a":0,"k":[100,100],"ix":3},"r":{"a":0,"k":0,"ix":6},"o":{"a":0,"k":100,"ix":7},"sk":{"a":0,"k":0,"ix":4},"sa":{"a":0,"k":0,"ix":5},"nm":"Transform"}],"nm":"Group 2","np":2,"cix":2,"bm":0,"ix":2,"mn":"ADBE Vector Group","hd":false}],"ip":-45,"op":135,"st":-45,"bm":0},{"ddd":0,"ind":17,"ty":4,"nm":"Video","sr":1,"ks":{"o":{"a":0,"k":100,"ix":11},"r":{"a":0,"k":0,"ix":10},"p":{"a":1,"k":[{"i":{"x":0.667,"y":1},"o":{"x":0.333,"y":0},"t":-29,"s":[2939.277,952.432,0],"to":[0,0,0],"ti":[0,0,0]},{"i":{"x":0.667,"y":1},"o":{"x":0.333,"y":0},"t":16,"s":[2939.277,1052.432,0],"to":[0,0,0],"ti":[0,0,0]},{"i":{"x":0.667,"y":1},"o":{"x":0.333,"y":0},"t":61,"s":[2939.277,952.432,0],"to":[0,0,0],"ti":[0,0,0]},{"i":{"x":0.667,"y":1},"o":{"x":0.333,"y":0},"t":106,"s":[2939.277,1052.432,0],"to":[0,0,0],"ti":[0,0,0]},{"t":151,"s":[2939.277,952.432,0]}],"ix":2,"l":2},"a":{"a":0,"k":[248.218,266.894,0],"ix":1,"l":2},"s":{"a":0,"k":[100,100,100],"ix":6,"l":2}},"ao":0,"shapes":[{"ty":"gr","it":[{"ind":0,"ty":"sh","ix":1,"ks":{"a":0,"k":{"i":[[0,11.509],[0,0],[-9.898,-5.873],[0,0],[9.694,-5.753],[0,0]],"o":[[0,0],[0,-11.509],[0,0],[9.694,5.752],[0,0],[-9.898,5.873]],"v":[[-61.438,53.852],[-61.438,-53.852],[-39.013,-66.621],[51.743,-12.768],[51.743,12.77],[-39.013,66.621]],"c":true},"ix":2},"nm":"Path 1","mn":"ADBE Vector Shape - Group","hd":false},{"ty":"fl","c":{"a":0,"k":[1,1,1,1],"ix":4},"o":{"a":0,"k":100,"ix":5},"r":1,"bm":0,"nm":"Fill 1","mn":"ADBE Vector Graphic - Fill","hd":false},{"ty":"tr","p":{"a":0,"k":[273.731,274.613],"ix":2},"a":{"a":0,"k":[0,0],"ix":1},"s":{"a":0,"k":[100,100],"ix":3},"r":{"a":0,"k":0,"ix":6},"o":{"a":0,"k":100,"ix":7},"sk":{"a":0,"k":0,"ix":4},"sa":{"a":0,"k":0,"ix":5},"nm":"Transform"}],"nm":"Group 1","np":2,"cix":2,"bm":0,"ix":1,"mn":"ADBE Vector Group","hd":false},{"ty":"gr","it":[{"ind":0,"ty":"sh","ix":1,"ks":{"a":0,"k":{"i":[[68.765,0],[0,-68.764],[-68.765,0],[0,68.766]],"o":[[-68.765,0],[0,68.766],[68.765,0],[0,-68.764]],"v":[[0,-124.709],[-124.709,-0.001],[0,124.709],[124.709,-0.001]],"c":true},"ix":2},"nm":"Path 1","mn":"ADBE Vector Shape - Group","hd":false},{"ind":1,"ty":"sh","ix":2,"ks":{"a":0,"k":{"i":[[82.608,0],[0,82.608],[-82.607,0],[0,-82.607]],"o":[[-82.607,0],[0,-82.607],[82.608,0],[0,82.608]],"v":[[0,149.814],[-149.814,-0.001],[0,-149.814],[149.814,-0.001]],"c":true},"ix":2},"nm":"Path 2","mn":"ADBE Vector Shape - Group","hd":false},{"ty":"mm","mm":1,"nm":"Merge Paths 1","mn":"ADBE Vector Filter - Merge","hd":false},{"ty":"fl","c":{"a":0,"k":[1,1,1,1],"ix":4},"o":{"a":0,"k":100,"ix":5},"r":1,"bm":0,"nm":"Fill 1","mn":"ADBE Vector Graphic - Fill","hd":false},{"ty":"tr","p":{"a":0,"k":[259.225,270.772],"ix":2},"a":{"a":0,"k":[0,0],"ix":1},"s":{"a":0,"k":[100,100],"ix":3},"r":{"a":0,"k":0,"ix":6},"o":{"a":0,"k":100,"ix":7},"sk":{"a":0,"k":0,"ix":4},"sa":{"a":0,"k":0,"ix":5},"nm":"Transform"}],"nm":"Group 2","np":4,"cix":2,"bm":0,"ix":2,"mn":"ADBE Vector Group","hd":false},{"ty":"gr","it":[{"ind":0,"ty":"sh","ix":1,"ks":{"a":0,"k":{"i":[[23.863,0.393],[0,0],[-1.722,27.291],[0,0],[-22.695,3.006],[0,0],[5.028,-31.661],[0,0]],"o":[[0,0],[-27.342,-0.45],[0,0],[1.442,-22.848],[0,0],[31.781,-4.21],[0,0],[-3.743,23.571]],"v":[[180.152,264.493],[-200.771,258.224],[-247.814,207.284],[-222.756,-189.663],[-181.218,-234.155],[150.747,-260.677],[244.508,-193.434],[228.274,224.09]],"c":true},"ix":2},"nm":"Path 1","mn":"ADBE Vector Shape - Group","hd":false},{"ty":"fl","c":{"a":0,"k":[0.591472670611,0.717538631664,0.981041882085,1],"ix":4},"o":{"a":0,"k":100,"ix":5},"r":1,"bm":0,"nm":"Fill 1","mn":"ADBE Vector Graphic - Fill","hd":false},{"ty":"tr","p":{"a":0,"k":[249.786,265.137],"ix":2},"a":{"a":0,"k":[0,0],"ix":1},"s":{"a":0,"k":[100,100],"ix":3},"r":{"a":0,"k":0,"ix":6},"o":{"a":0,"k":100,"ix":7},"sk":{"a":0,"k":0,"ix":4},"sa":{"a":0,"k":0,"ix":5},"nm":"Transform"}],"nm":"Group 3","np":2,"cix":2,"bm":0,"ix":3,"mn":"ADBE Vector Group","hd":false}],"ip":-45,"op":135,"st":-45,"bm":0},{"ddd":0,"ind":18,"ty":4,"nm":"Image","sr":1,"ks":{"o":{"a":0,"k":100,"ix":11},"r":{"a":0,"k":0,"ix":10},"p":{"a":1,"k":[{"i":{"x":0.667,"y":1},"o":{"x":0.333,"y":0},"t":-13,"s":[2707.921,1614.016,0],"to":[0,0,0],"ti":[0,0,0]},{"i":{"x":0.667,"y":1},"o":{"x":0.333,"y":0},"t":32,"s":[2707.921,1714.016,0],"to":[0,0,0],"ti":[0,0,0]},{"i":{"x":0.667,"y":1},"o":{"x":0.333,"y":0},"t":77,"s":[2707.921,1614.016,0],"to":[0,0,0],"ti":[0,0,0]},{"i":{"x":0.667,"y":1},"o":{"x":0.333,"y":0},"t":122,"s":[2707.921,1714.016,0],"to":[0,0,0],"ti":[0,0,0]},{"t":167,"s":[2707.921,1614.016,0]}],"ix":2,"l":2},"a":{"a":0,"k":[254.017,260.85,0],"ix":1,"l":2},"s":{"a":0,"k":[100,100,100],"ix":6,"l":2}},"ao":0,"shapes":[{"ty":"gr","it":[{"ind":0,"ty":"sh","ix":1,"ks":{"a":0,"k":{"i":[[0,-27.253],[27.254,0],[0,27.253],[-27.253,0]],"o":[[0,27.253],[-27.253,0],[0,-27.253],[27.254,0]],"v":[[49.347,0],[-0.001,49.347],[-49.347,0],[-0.001,-49.347]],"c":true},"ix":2},"nm":"Path 1","mn":"ADBE Vector Shape - Group","hd":false},{"ty":"fl","c":{"a":0,"k":[1,1,1,1],"ix":4},"o":{"a":0,"k":100,"ix":5},"r":1,"bm":0,"nm":"Fill 1","mn":"ADBE Vector Graphic - Fill","hd":false},{"ty":"tr","p":{"a":0,"k":[369.606,144.417],"ix":2},"a":{"a":0,"k":[0,0],"ix":1},"s":{"a":0,"k":[100,100],"ix":3},"r":{"a":0,"k":0,"ix":6},"o":{"a":0,"k":100,"ix":7},"sk":{"a":0,"k":0,"ix":4},"sa":{"a":0,"k":0,"ix":5},"nm":"Transform"}],"nm":"Group 1","np":2,"cix":2,"bm":0,"ix":1,"mn":"ADBE Vector Group","hd":false},{"ty":"gr","it":[{"ind":0,"ty":"sh","ix":1,"ks":{"a":0,"k":{"i":[[-11.883,0],[0,0],[5.771,9.809],[0,0],[4.942,-10.831],[0,0],[7.367,6.753],[0,0],[5.086,-7.315],[0,0]],"o":[[0,0],[11.38,0],[0,0],[-6.036,-10.261],[0,0],[-4.149,9.09],[0,0],[-6.567,-6.02],[0,0],[-6.784,9.756]],"v":[[-182.577,139.233],[182.988,139.233],[195.67,117.06],[50.946,-128.972],[24.878,-127.62],[-45.002,25.501],[-68.33,30.238],[-96.598,4.325],[-118.62,6.772],[-194.657,116.12]],"c":true},"ix":2},"nm":"Path 1","mn":"ADBE Vector Shape - Group","hd":false},{"ty":"fl","c":{"a":0,"k":[1,1,1,1],"ix":4},"o":{"a":0,"k":100,"ix":5},"r":1,"bm":0,"nm":"Fill 1","mn":"ADBE Vector Graphic - Fill","hd":false},{"ty":"tr","p":{"a":0,"k":[228.378,280.643],"ix":2},"a":{"a":0,"k":[0,0],"ix":1},"s":{"a":0,"k":[100,100],"ix":3},"r":{"a":0,"k":0,"ix":6},"o":{"a":0,"k":100,"ix":7},"sk":{"a":0,"k":0,"ix":4},"sa":{"a":0,"k":0,"ix":5},"nm":"Transform"}],"nm":"Group 2","np":2,"cix":2,"bm":0,"ix":2,"mn":"ADBE Vector Group","hd":false},{"ty":"gr","it":[{"ind":0,"ty":"sh","ix":1,"ks":{"a":0,"k":{"i":[[27.695,0],[0,0],[0,28.915],[0,0],[-27.188,2.201],[0,0],[1.909,-31.78],[0,0]],"o":[[0,0],[-28.915,0],[0,0],[0,-27.277],[0,0],[31.733,-2.568],[0,0],[-1.661,27.646]],"v":[[175.763,259.403],[-202.318,259.403],[-254.673,207.047],[-254.673,-172.048],[-206.541,-224.233],[196.28,-256.835],[252.764,-201.51],[228.024,210.187]],"c":true},"ix":2},"nm":"Path 1","mn":"ADBE Vector Shape - Group","hd":false},{"ty":"fl","c":{"a":0,"k":[0.591472670611,0.717538631664,0.981041882085,1],"ix":4},"o":{"a":0,"k":100,"ix":5},"r":1,"bm":0,"nm":"Fill 1","mn":"ADBE Vector Graphic - Fill","hd":false},{"ty":"tr","p":{"a":0,"k":[254.923,259.653],"ix":2},"a":{"a":0,"k":[0,0],"ix":1},"s":{"a":0,"k":[100,100],"ix":3},"r":{"a":0,"k":0,"ix":6},"o":{"a":0,"k":100,"ix":7},"sk":{"a":0,"k":0,"ix":4},"sa":{"a":0,"k":0,"ix":5},"nm":"Transform"}],"nm":"Group 3","np":2,"cix":2,"bm":0,"ix":3,"mn":"ADBE Vector Group","hd":false}],"ip":-45,"op":135,"st":-45,"bm":0},{"ddd":0,"ind":19,"ty":4,"nm":"Volume","sr":1,"ks":{"o":{"a":0,"k":100,"ix":11},"r":{"a":0,"k":0,"ix":10},"p":{"a":1,"k":[{"i":{"x":0.667,"y":1},"o":{"x":0.333,"y":0},"t":3,"s":[3004.964,2368.085,0],"to":[0,0,0],"ti":[0,0,0]},{"i":{"x":0.667,"y":1},"o":{"x":0.333,"y":0},"t":48,"s":[3004.964,2468.085,0],"to":[0,0,0],"ti":[0,0,0]},{"i":{"x":0.667,"y":1},"o":{"x":0.333,"y":0},"t":93,"s":[3004.964,2368.085,0],"to":[0,0,0],"ti":[0,0,0]},{"i":{"x":0.667,"y":1},"o":{"x":0.333,"y":0},"t":138,"s":[3004.964,2468.085,0],"to":[0,0,0],"ti":[0,0,0]},{"t":183,"s":[3004.964,2368.085,0]}],"ix":2,"l":2},"a":{"a":0,"k":[217.674,217.674,0],"ix":1,"l":2},"s":{"a":0,"k":[100,100,100],"ix":6,"l":2}},"ao":0,"shapes":[{"ty":"gr","it":[{"ind":0,"ty":"sh","ix":1,"ks":{"a":0,"k":{"i":[[1.269,0.517],[0.958,-0.979],[0,0],[0.847,-0.042],[0,0],[0.308,-4.451],[0,0],[-4.697,-0.523],[0,0],[-0.534,-0.511],[0,0],[-1.24,0.531],[0,1.347],[0,0]],"o":[[-1.268,-0.518],[0,0],[-0.592,0.605],[0,0],[-4.456,0.223],[0,0],[-0.327,4.715],[0,0],[0.733,0.082],[0,0],[0.973,0.932],[1.24,-0.53],[0,0],[0,-1.369]],"v":[[58.935,-109.209],[55.393,-108.446],[1.001,-52.775],[-1.204,-51.767],[-46.422,-49.505],[-54.766,-41.313],[-60.43,40.304],[-52.608,49.675],[-0.985,55.41],[0.971,56.323],[55.612,108.534],[58.988,109.196],[60.757,106.1],[60.757,-106.091]],"c":true},"ix":2},"nm":"Path 1","mn":"ADBE Vector Shape - Group","hd":false},{"ty":"fl","c":{"a":0,"k":[1,1,1,1],"ix":4},"o":{"a":0,"k":100,"ix":5},"r":1,"bm":0,"nm":"Fill 1","mn":"ADBE Vector Graphic - Fill","hd":false},{"ty":"tr","p":{"a":0,"k":[120.433,204.708],"ix":2},"a":{"a":0,"k":[0,0],"ix":1},"s":{"a":0,"k":[100,100],"ix":3},"r":{"a":0,"k":0,"ix":6},"o":{"a":0,"k":100,"ix":7},"sk":{"a":0,"k":0,"ix":4},"sa":{"a":0,"k":0,"ix":5},"nm":"Transform"}],"nm":"Group 1","np":2,"cix":2,"bm":0,"ix":1,"mn":"ADBE Vector Group","hd":false},{"ty":"gr","it":[{"ind":0,"ty":"sh","ix":1,"ks":{"a":0,"k":{"i":[[1.224,-6.107],[-10.034,3.226],[6.644,-4.718],[-2.242,-3.85]],"o":[[-1.223,6.107],[157.153,-144.437],[-6.643,4.718],[147.512,115]],"v":[[-81.43,119.552],[-68.028,134.92],[-82.234,-133.428],[-86.884,-115.292]],"c":true},"ix":2},"nm":"Path 1","mn":"ADBE Vector Shape - Group","hd":false},{"ty":"fl","c":{"a":0,"k":[1,1,1,1],"ix":4},"o":{"a":0,"k":100,"ix":5},"r":1,"bm":0,"nm":"Fill 1","mn":"ADBE Vector Graphic - Fill","hd":false},{"ty":"tr","p":{"a":0,"k":[355.148,203.768],"ix":2},"a":{"a":0,"k":[0,0],"ix":1},"s":{"a":0,"k":[100,100],"ix":3},"r":{"a":0,"k":0,"ix":6},"o":{"a":1,"k":[{"t":15.368,"s":[0],"h":1},{"t":22.896,"s":[100],"h":1},{"t":30.421,"s":[0],"h":1},{"t":45.474,"s":[0],"h":1},{"t":53,"s":[100],"h":1},{"t":60.525,"s":[0],"h":1},{"t":75.579,"s":[0],"h":1},{"t":83.10546875,"s":[100],"h":1}],"ix":7},"sk":{"a":0,"k":0,"ix":4},"sa":{"a":0,"k":0,"ix":5},"nm":"Transform"}],"nm":"Group 2","np":2,"cix":2,"bm":0,"ix":2,"mn":"ADBE Vector Group","hd":false},{"ty":"gr","it":[{"ind":0,"ty":"sh","ix":1,"ks":{"a":0,"k":{"i":[[-1.009,-8.599],[-7.521,2.417],[108.061,91.395],[1.731,-0.15],[1.11,-1.334],[-0.566,-4.6]],"o":[[1.009,8.599],[7.408,-2.381],[-1.327,-1.121],[-1.729,0.151],[-3.466,4.162],[94.833,83.634]],"v":[[-56.13,73.277],[-41.734,87.542],[-46.527,-88.292],[-51.302,-89.809],[-55.74,-87.489],[-60.969,-75.183]],"c":true},"ix":2},"nm":"Path 1","mn":"ADBE Vector Shape - Group","hd":false},{"ty":"fl","c":{"a":0,"k":[1,1,1,1],"ix":4},"o":{"a":0,"k":100,"ix":5},"r":1,"bm":0,"nm":"Fill 1","mn":"ADBE Vector Graphic - Fill","hd":false},{"ty":"tr","p":{"a":0,"k":[301.21,207.327],"ix":2},"a":{"a":0,"k":[0,0],"ix":1},"s":{"a":0,"k":[100,100],"ix":3},"r":{"a":0,"k":0,"ix":6},"o":{"a":1,"k":[{"t":7.843,"s":[0],"h":1},{"t":15.368,"s":[100],"h":1},{"t":30.421,"s":[0],"h":1},{"t":37.946,"s":[0],"h":1},{"t":45.474,"s":[100],"h":1},{"t":60.525,"s":[0],"h":1},{"t":68.052,"s":[0],"h":1},{"t":75.5791015625,"s":[100],"h":1}],"ix":7},"sk":{"a":0,"k":0,"ix":4},"sa":{"a":0,"k":0,"ix":5},"nm":"Transform"}],"nm":"Group 3","np":2,"cix":2,"bm":0,"ix":3,"mn":"ADBE Vector Group","hd":false},{"ty":"gr","it":[{"ind":0,"ty":"sh","ix":1,"ks":{"a":0,"k":{"i":[[-6.316,-7.547],[46.708,-39.396],[-4.364,1.402],[6.92,-5.631]],"o":[[5.431,6.488],[-2.223,4.262],[67.241,-46.102],[-6.919,5.632]],"v":[[-34.653,-33.327],[-34.642,37.177],[-26.271,51.058],[-29.057,-46.829]],"c":true},"ix":2},"nm":"Path 1","mn":"ADBE Vector Shape - Group","hd":false},{"ty":"fl","c":{"a":0,"k":[1,1,1,1],"ix":4},"o":{"a":0,"k":100,"ix":5},"r":1,"bm":0,"nm":"Fill 1","mn":"ADBE Vector Graphic - Fill","hd":false},{"ty":"tr","p":{"a":0,"k":[251.733,201.738],"ix":2},"a":{"a":0,"k":[0,0],"ix":1},"s":{"a":0,"k":[100,100],"ix":3},"r":{"a":0,"k":0,"ix":6},"o":{"a":1,"k":[{"t":0.315,"s":[0],"h":1},{"t":7.843,"s":[100],"h":1},{"t":30.421,"s":[0],"h":1},{"t":37.946,"s":[100],"h":1},{"t":60.525,"s":[0],"h":1},{"t":68.0517578125,"s":[100],"h":1}],"ix":7},"sk":{"a":0,"k":0,"ix":4},"sa":{"a":0,"k":0,"ix":5},"nm":"Transform"}],"nm":"Group 4","np":2,"cix":2,"bm":0,"ix":4,"mn":"ADBE Vector Group","hd":false},{"ty":"gr","it":[{"ind":0,"ty":"sh","ix":1,"ks":{"a":0,"k":{"i":[[0,-120.08],[120.08,0],[0,120.08],[-120.08,0]],"o":[[0,120.08],[-120.08,0],[0,-120.08],[120.08,0]],"v":[[217.424,0],[0,217.424],[-217.424,0],[0,-217.424]],"c":true},"ix":2},"nm":"Path 1","mn":"ADBE Vector Shape - Group","hd":false},{"ty":"fl","c":{"a":0,"k":[0.591472670611,0.717538631664,0.981041882085,1],"ix":4},"o":{"a":0,"k":100,"ix":5},"r":1,"bm":0,"nm":"Fill 1","mn":"ADBE Vector Graphic - Fill","hd":false},{"ty":"tr","p":{"a":0,"k":[217.674,217.674],"ix":2},"a":{"a":0,"k":[0,0],"ix":1},"s":{"a":0,"k":[100,100],"ix":3},"r":{"a":0,"k":0,"ix":6},"o":{"a":0,"k":100,"ix":7},"sk":{"a":0,"k":0,"ix":4},"sa":{"a":0,"k":0,"ix":5},"nm":"Transform"}],"nm":"Group 5","np":2,"cix":2,"bm":0,"ix":5,"mn":"ADBE Vector Group","hd":false}],"ip":-45,"op":135,"st":-45,"bm":0},{"ddd":0,"ind":20,"ty":4,"nm":"Arrow P1 ","sr":1,"ks":{"o":{"a":0,"k":100,"ix":11},"r":{"a":0,"k":0,"ix":10},"p":{"a":0,"k":[929.775,2796.011,0],"ix":2,"l":2},"a":{"a":0,"k":[478.177,1518.912,0],"ix":1,"l":2},"s":{"a":0,"k":[100,100,100],"ix":6,"l":2}},"ao":0,"shapes":[{"ind":0,"ty":"sh","ix":1,"ks":{"a":1,"k":[{"i":{"x":0.667,"y":1},"o":{"x":0.333,"y":0},"t":0,"s":[{"i":[[79.54,27.438],[-116.451,-67.837],[-87.325,-136.5],[-129.583,72.911],[0,0],[68.528,0],[0,0],[46.079,62.899]],"o":[[0,0],[0,0],[181.448,283.626],[0,0],[-35.355,57.644],[0,0],[-78.907,0],[-129.483,-176.749]],"v":[[100.25,1311.994],[399.853,1230.737],[549.727,1447.4],[956.105,1800.704],[945.377,1818.195],[777.973,1911.086],[706.304,1911.086],[507.244,1810.935]],"c":true}]},{"i":{"x":0.667,"y":1},"o":{"x":0.333,"y":0},"t":45,"s":[{"i":[[79.54,27.438],[-116.451,-67.837],[-166.366,-292.725],[-129.583,72.911],[0,0],[68.528,0],[0,0],[46.079,62.899]],"o":[[0,0],[0,0],[166.366,292.727],[0,0],[-35.355,57.644],[0,0],[-78.907,0],[-129.483,-176.749]],"v":[[0.25,1207.994],[299.853,1126.737],[549.727,1447.4],[956.105,1800.704],[945.377,1818.195],[777.973,1911.086],[706.304,1911.086],[507.244,1810.935]],"c":true}]},{"t":90,"s":[{"i":[[79.54,27.438],[-116.451,-67.837],[-87.325,-136.5],[-129.583,72.911],[0,0],[68.528,0],[0,0],[46.079,62.899]],"o":[[0,0],[0,0],[181.448,283.626],[0,0],[-35.355,57.644],[0,0],[-78.907,0],[-129.483,-176.749]],"v":[[100.25,1311.994],[399.853,1230.737],[549.727,1447.4],[956.105,1800.704],[945.377,1818.195],[777.973,1911.086],[706.304,1911.086],[507.244,1810.935]],"c":true}]}],"ix":2},"nm":"Path 1","mn":"ADBE Vector Shape - Group","hd":false},{"ty":"gf","o":{"a":0,"k":100,"ix":10},"r":1,"bm":0,"g":{"p":3,"k":{"a":0,"k":[0,1,0.573,0.557,0.5,0.998,0.506,0.471,1,0.996,0.439,0.384],"ix":9}},"s":{"a":0,"k":[0,0],"ix":5},"e":{"a":0,"k":[-32,-630],"ix":6},"t":1,"nm":"Gradient Fill 1","mn":"ADBE Vector Graphic - G-Fill","hd":false}],"ip":0,"op":180,"st":0,"bm":0},{"ddd":0,"ind":21,"ty":4,"nm":"Arrow P2 Line","sr":1,"ks":{"o":{"a":0,"k":100,"ix":11},"r":{"a":0,"k":0,"ix":10},"p":{"a":0,"k":[1855,1855,0],"ix":2,"l":2},"a":{"a":0,"k":[0,0,0],"ix":1,"l":2},"s":{"a":0,"k":[100,100,100],"ix":6,"l":2}},"ao":0,"shapes":[{"ty":"gr","it":[{"ind":0,"ty":"sh","ix":1,"ks":{"a":0,"k":{"i":[[0,0],[21.75,-30.5],[0,0]],"o":[[-5,-26],[-27.541,38.62],[0,0]],"v":[[141.5,360.5],[77,349],[-413.5,1060.5]],"c":false},"ix":2},"nm":"Path 1","mn":"ADBE Vector Shape - Group","hd":false},{"ty":"st","c":{"a":0,"k":[1,1,1,1],"ix":3},"o":{"a":0,"k":100,"ix":4},"w":{"a":0,"k":11,"ix":5},"lc":2,"lj":2,"bm":0,"nm":"Stroke 1","mn":"ADBE Vector Graphic - Stroke","hd":false},{"ty":"tm","s":{"a":0,"k":0,"ix":1},"e":{"a":0,"k":54,"ix":2},"o":{"a":1,"k":[{"i":{"x":[0.667],"y":[1]},"o":{"x":[0.333],"y":[0]},"t":0,"s":[0]},{"i":{"x":[0.667],"y":[1]},"o":{"x":[0.333],"y":[0]},"t":45,"s":[53]},{"t":90,"s":[0]}],"ix":3},"m":1,"ix":3,"nm":"Trim Paths 1","mn":"ADBE Vector Filter - Trim","hd":false},{"ty":"tr","p":{"a":0,"k":[0,0],"ix":2},"a":{"a":0,"k":[0,0],"ix":1},"s":{"a":0,"k":[100,100],"ix":3},"r":{"a":0,"k":0,"ix":6},"o":{"a":0,"k":100,"ix":7},"sk":{"a":0,"k":0,"ix":4},"sa":{"a":0,"k":0,"ix":5},"nm":"Transform"}],"nm":"Shape 1","np":3,"cix":2,"bm":0,"ix":1,"mn":"ADBE Vector Group","hd":false}],"ip":0,"op":180,"st":0,"bm":0},{"ddd":0,"ind":22,"ty":4,"nm":"Arrow p2","sr":1,"ks":{"o":{"a":0,"k":100,"ix":11},"r":{"a":0,"k":0,"ix":10},"p":{"a":0,"k":[1570.631,2625.665,0],"ix":2,"l":2},"a":{"a":0,"k":[1119.033,1348.565,0],"ix":1,"l":2},"s":{"a":0,"k":[100,100,100],"ix":6,"l":2}},"ao":0,"shapes":[{"ind":0,"ty":"sh","ix":1,"ks":{"a":0,"k":{"i":[[0,0],[0,0],[26.1,-38.505],[0,0],[78.351,0],[0,0],[0,0],[-129.88,114.77],[-127.529,-86.546],[-15.625,-37.175]],"o":[[0,0],[-36.968,-28.666],[0,0],[-43.413,64.048],[0,0],[0,0],[0,0],[0,0],[33.693,22.865],[0,0]],"v":[[1615.228,982.765],[1615.228,982.765],[1498.146,1001.032],[956.105,1800.704],[761.182,1903.235],[684.911,1903.235],[622.839,1727.652],[1256.629,854.175],[1513.5,826.253],[1588.397,918.926]],"c":true},"ix":2},"nm":"Path 1","mn":"ADBE Vector Shape - Group","hd":false},{"ty":"gf","o":{"a":0,"k":100,"ix":10},"r":1,"bm":0,"g":{"p":3,"k":{"a":0,"k":[0,1,0.573,0.557,0.5,0.998,0.506,0.471,1,0.996,0.439,0.384],"ix":9}},"s":{"a":0,"k":[270,-420],"ix":5},"e":{"a":0,"k":[-338,456],"ix":6},"t":1,"nm":"Gradient Fill 1","mn":"ADBE Vector Graphic - G-Fill","hd":false}],"ip":0,"op":180,"st":0,"bm":0},{"ddd":0,"ind":23,"ty":4,"nm":"Arrow P3","sr":1,"ks":{"o":{"a":0,"k":100,"ix":11},"r":{"a":0,"k":0,"ix":10},"p":{"a":0,"k":[2182.09,2675.013,0],"ix":2,"l":2},"a":{"a":0,"k":[1730.492,1397.914,0],"ix":1,"l":2},"s":{"a":0,"k":[100,100,100],"ix":6,"l":2}},"ao":0,"shapes":[{"ind":0,"ty":"sh","ix":1,"ks":{"a":0,"k":{"i":[[0,0],[0,0],[-53.195,0],[0,0],[-12.233,21.652],[0,0],[9.282,17.859],[0,0]],"o":[[0,0],[21.836,47.63],[0,0],[25.217,0],[0,0],[-20.419,0],[0,0],[0,0]],"v":[[1355.772,1026.102],[1724.436,1830.261],[1847.718,1908.521],[2037.772,1908.521],[2098.454,1873.437],[2105.212,1861.472],[2056.814,1832.371],[1565.613,887.307]],"c":true},"ix":2},"nm":"Path 1","mn":"ADBE Vector Shape - Group","hd":false},{"ty":"gf","o":{"a":0,"k":100,"ix":10},"r":1,"bm":0,"g":{"p":3,"k":{"a":0,"k":[0,1,0.573,0.557,0.5,0.998,0.506,0.471,1,0.996,0.439,0.384],"ix":9}},"s":{"a":0,"k":[318,738],"ix":5},"e":{"a":0,"k":[-68,-72],"ix":6},"t":1,"nm":"Gradient Fill 1","mn":"ADBE Vector Graphic - G-Fill","hd":false}],"ip":0,"op":180,"st":0,"bm":0},{"ddd":0,"ind":24,"ty":4,"nm":"Arrow P4","sr":1,"ks":{"o":{"a":0,"k":100,"ix":11},"r":{"a":0,"k":0,"ix":10},"p":{"a":0,"k":[2750.777,2238.823,0],"ix":2,"l":2},"a":{"a":0,"k":[2299.18,961.723,0],"ix":1,"l":2},"s":{"a":0,"k":[100,100,100],"ix":6,"l":2}},"ao":0,"shapes":[{"ind":0,"ty":"sh","ix":1,"ks":{"a":1,"k":[{"i":{"x":0.667,"y":1},"o":{"x":0.333,"y":0},"t":0,"s":[{"i":[[2.536,0],[0.198,0.023],[-0.319,2.778],[0,0],[-2.764,-0.332],[0.32,-2.777],[0,0]],"o":[[-0.194,0],[-2.779,-0.321],[0,0],[0.32,-2.78],[2.779,0.321],[0,0],[-0.296,2.582]],"v":[[2747.966,261.781],[2747.379,261.748],[2742.928,256.136],[2746.598,224.333],[2752.21,219.882],[2756.661,225.493],[2752.991,257.297]],"c":true}]},{"i":{"x":0.667,"y":1},"o":{"x":0.333,"y":0},"t":45,"s":[{"i":[[2.536,0],[0.198,0.023],[-0.319,2.778],[0,0],[-2.764,-0.332],[0.32,-2.777],[0,0]],"o":[[-0.194,0],[-2.779,-0.321],[0,0],[0.32,-2.78],[2.779,0.321],[0,0],[-0.296,2.582]],"v":[[2653.966,444.781],[2653.379,444.748],[2648.928,439.136],[2652.598,407.333],[2658.21,402.882],[2662.661,408.493],[2658.991,440.297]],"c":true}]},{"t":90,"s":[{"i":[[2.536,0],[0.198,0.023],[-0.319,2.778],[0,0],[-2.764,-0.332],[0.32,-2.777],[0,0]],"o":[[-0.194,0],[-2.779,-0.321],[0,0],[0.32,-2.78],[2.779,0.321],[0,0],[-0.296,2.582]],"v":[[2747.966,261.781],[2747.379,261.748],[2742.928,256.136],[2746.598,224.333],[2752.21,219.882],[2756.661,225.493],[2752.991,257.297]],"c":true}]}],"ix":2},"nm":"Path 3","mn":"ADBE Vector Shape - Group","hd":false},{"ind":1,"ty":"sh","ix":2,"ks":{"a":1,"k":[{"i":{"x":0.667,"y":1},"o":{"x":0.333,"y":0},"t":0,"s":[{"i":[[1.503,0],[0.93,0.727],[-1.725,2.201],[0,0],[-8.108,-3.332],[0.989,-8.584],[0,0],[2.769,0.323],[-0.32,2.778],[0,0],[3.004,1.233],[3.129,-3.995],[0,0]],"o":[[-1.095,0],[-2.199,-1.726],[0,0],[5.371,-6.855],[8.079,3.32],[0,0],[-0.316,2.78],[-2.779,-0.322],[0,0],[0.554,-4.806],[-3.133,-1.287],[0,0],[-0.999,1.274]],"v":[[2283.36,663.254],[2280.237,662.175],[2279.377,655.065],[2738.962,68.679],[2761.501,62.793],[2773.17,82.39],[2765.062,152.677],[2759.45,157.129],[2754.999,151.517],[2763.107,81.23],[2757.65,72.162],[2746.934,74.927],[2287.349,661.314]],"c":true}]},{"i":{"x":0.667,"y":1},"o":{"x":0.333,"y":0},"t":45,"s":[{"i":[[1.503,0],[0.93,0.727],[-1.725,2.201],[0,0],[-8.108,-3.332],[0.989,-8.584],[0,0],[2.769,0.323],[-0.32,2.778],[0,0],[3.004,1.233],[3.129,-3.995],[0,0]],"o":[[-1.095,0],[-2.199,-1.726],[0,0],[5.371,-6.855],[8.079,3.32],[0,0],[-0.316,2.78],[-2.779,-0.322],[0,0],[0.554,-4.806],[-3.133,-1.287],[0,0],[-0.999,1.274]],"v":[[2189.36,846.254],[2186.237,845.175],[2185.377,838.065],[2644.962,251.679],[2667.501,245.793],[2679.17,265.39],[2671.062,335.677],[2665.45,340.129],[2661,334.517],[2669.107,264.23],[2663.65,255.162],[2652.935,257.927],[2193.349,844.314]],"c":true}]},{"t":90,"s":[{"i":[[1.503,0],[0.93,0.727],[-1.725,2.201],[0,0],[-8.108,-3.332],[0.989,-8.584],[0,0],[2.769,0.323],[-0.32,2.778],[0,0],[3.004,1.233],[3.129,-3.995],[0,0]],"o":[[-1.095,0],[-2.199,-1.726],[0,0],[5.371,-6.855],[8.079,3.32],[0,0],[-0.316,2.78],[-2.779,-0.322],[0,0],[0.554,-4.806],[-3.133,-1.287],[0,0],[-0.999,1.274]],"v":[[2283.36,663.254],[2280.237,662.175],[2279.377,655.065],[2738.962,68.679],[2761.501,62.793],[2773.17,82.39],[2765.062,152.677],[2759.45,157.129],[2754.999,151.517],[2763.107,81.23],[2757.65,72.162],[2746.934,74.927],[2287.349,661.314]],"c":true}]}],"ix":2},"nm":"Path 1","mn":"ADBE Vector Shape - Group","hd":false},{"ty":"fl","c":{"a":0,"k":[1,1,1,1],"ix":4},"o":{"a":0,"k":100,"ix":5},"r":1,"bm":0,"nm":"Fill 1","mn":"ADBE Vector Graphic - Fill","hd":false},{"ind":3,"ty":"sh","ix":4,"ks":{"a":1,"k":[{"i":{"x":0.667,"y":1},"o":{"x":0.333,"y":0},"t":0,"s":[{"i":[[0,0],[0,0],[0,0],[-12.513,14.976],[0,0],[2.24,-37.277],[0,0],[37.792,4.247],[0,0],[0,0],[32.174,0],[0,0]],"o":[[0,0],[0,0],[-19.73,0],[0,0],[24.121,-28.87],[0,0],[-2.239,37.287],[0,0],[0,0],[-13.487,28.682],[0,0],[0,0]],"v":[[1787.521,1715.083],[2309.722,732.712],[2202.733,732.712],[2184.667,695.212],[2741.231,29.12],[2810.762,55.838],[2771.639,707.195],[2697.937,768.026],[2623.343,759.644],[2105.212,1861.472],[2030.312,1908.52],[1850.735,1908.52]],"c":true}]},{"i":{"x":0.667,"y":1},"o":{"x":0.333,"y":0},"t":45,"s":[{"i":[[0,0],[0,0],[0,0],[-12.513,14.976],[0,0],[2.24,-37.277],[0,0],[37.792,4.247],[0,0],[0,0],[32.174,0],[0,0]],"o":[[0,0],[0,0],[-19.73,0],[0,0],[24.121,-28.87],[0,0],[-2.239,37.287],[0,0],[0,0],[-13.487,28.682],[0,0],[0,0]],"v":[[1787.521,1715.083],[2215.723,915.712],[2108.733,915.712],[2090.667,878.212],[2647.231,212.12],[2716.763,238.838],[2677.64,890.195],[2603.937,951.026],[2529.343,942.644],[2105.212,1861.472],[2030.312,1908.52],[1850.735,1908.52]],"c":true}]},{"t":90,"s":[{"i":[[0,0],[0,0],[0,0],[-12.513,14.976],[0,0],[2.24,-37.277],[0,0],[37.792,4.247],[0,0],[0,0],[32.174,0],[0,0]],"o":[[0,0],[0,0],[-19.73,0],[0,0],[24.121,-28.87],[0,0],[-2.239,37.287],[0,0],[0,0],[-13.487,28.682],[0,0],[0,0]],"v":[[1787.521,1715.083],[2309.722,732.712],[2202.733,732.712],[2184.667,695.212],[2741.231,29.12],[2810.762,55.838],[2771.639,707.195],[2697.937,768.026],[2623.343,759.644],[2105.212,1861.472],[2030.312,1908.52],[1850.735,1908.52]],"c":true}]}],"ix":2},"nm":"Path 2","mn":"ADBE Vector Shape - Group","hd":false},{"ty":"gf","o":{"a":0,"k":100,"ix":10},"r":1,"bm":0,"g":{"p":3,"k":{"a":0,"k":[0,1,0.573,0.557,0.5,0.998,0.506,0.471,1,0.996,0.439,0.384],"ix":9}},"s":{"a":0,"k":[204,-294],"ix":5},"e":{"a":0,"k":[-308,810],"ix":6},"t":1,"nm":"Gradient Fill 1","mn":"ADBE Vector Graphic - G-Fill","hd":false}],"ip":0,"op":180,"st":0,"bm":0},{"ddd":0,"ind":25,"ty":4,"nm":"Goal","sr":1,"ks":{"o":{"a":0,"k":100,"ix":11},"r":{"a":0,"k":0,"ix":10},"p":{"a":0,"k":[2013.382,1950.703,0],"ix":2,"l":2},"a":{"a":0,"k":[934.372,934.372,0],"ix":1,"l":2},"s":{"a":0,"k":[100,100,100],"ix":6,"l":2}},"ao":0,"shapes":[{"ty":"gr","it":[{"ind":0,"ty":"sh","ix":1,"ks":{"a":0,"k":{"i":[[94.521,0],[0,-94.523],[-94.522,0],[0,94.522]],"o":[[-94.522,0],[0,94.522],[94.521,0],[0,-94.523]],"v":[[-0.001,-171.423],[-171.421,0],[-0.001,171.421],[171.422,0]],"c":true},"ix":2},"nm":"Path 1","mn":"ADBE Vector Shape - Group","hd":false},{"ind":1,"ty":"sh","ix":2,"ks":{"a":0,"k":{"i":[[113.141,0],[0,113.14],[-113.139,0],[0,-113.139]],"o":[[-113.139,0],[0,-113.139],[113.141,0],[0,113.14]],"v":[[-0.001,205.186],[-205.185,0],[-0.001,-205.186],[205.185,0]],"c":true},"ix":2},"nm":"Path 2","mn":"ADBE Vector Shape - Group","hd":false},{"ty":"mm","mm":1,"nm":"Merge Paths 1","mn":"ADBE Vector Filter - Merge","hd":false},{"ty":"fl","c":{"a":0,"k":[0.754505710976,0.825590485218,0.984832883349,1],"ix":4},"o":{"a":0,"k":100,"ix":5},"r":1,"bm":0,"nm":"Fill 1","mn":"ADBE Vector Graphic - Fill","hd":false},{"ty":"tr","p":{"a":0,"k":[934.373,934.372],"ix":2},"a":{"a":0,"k":[0,0],"ix":1},"s":{"a":0,"k":[100,100],"ix":3},"r":{"a":0,"k":0,"ix":6},"o":{"a":0,"k":100,"ix":7},"sk":{"a":0,"k":0,"ix":4},"sa":{"a":0,"k":0,"ix":5},"nm":"Transform"}],"nm":"Group 1","np":4,"cix":2,"bm":0,"ix":1,"mn":"ADBE Vector Group","hd":false},{"ty":"gr","it":[{"ind":0,"ty":"sh","ix":1,"ks":{"a":0,"k":{"i":[[258.69,0],[0,-258.692],[-258.691,0],[0,258.691]],"o":[[-258.691,0],[0,258.691],[258.69,0],[0,-258.692]],"v":[[-0.001,-469.152],[-469.151,0.001],[-0.001,469.153],[469.151,0.001]],"c":true},"ix":2},"nm":"Path 1","mn":"ADBE Vector Shape - Group","hd":false},{"ind":1,"ty":"sh","ix":2,"ks":{"a":0,"k":{"i":[[277.311,0],[0,277.309],[-277.308,0],[0,-277.308]],"o":[[-277.308,0],[0,-277.308],[277.311,0],[0,277.309]],"v":[[-0.001,502.916],[-502.916,0.001],[-0.001,-502.916],[502.916,0.001]],"c":true},"ix":2},"nm":"Path 2","mn":"ADBE Vector Shape - Group","hd":false},{"ty":"mm","mm":1,"nm":"Merge Paths 1","mn":"ADBE Vector Filter - Merge","hd":false},{"ty":"fl","c":{"a":0,"k":[0.754505710976,0.825590485218,0.984832883349,1],"ix":4},"o":{"a":0,"k":100,"ix":5},"r":1,"bm":0,"nm":"Fill 1","mn":"ADBE Vector Graphic - Fill","hd":false},{"ty":"tr","p":{"a":0,"k":[934.373,934.371],"ix":2},"a":{"a":0,"k":[0,0],"ix":1},"s":{"a":0,"k":[100,100],"ix":3},"r":{"a":0,"k":0,"ix":6},"o":{"a":0,"k":100,"ix":7},"sk":{"a":0,"k":0,"ix":4},"sa":{"a":0,"k":0,"ix":5},"nm":"Transform"}],"nm":"Group 2","np":4,"cix":2,"bm":0,"ix":2,"mn":"ADBE Vector Group","hd":false},{"ty":"gr","it":[{"ind":0,"ty":"sh","ix":1,"ks":{"a":0,"k":{"i":[[430.288,0],[0,-430.291],[-430.289,0],[0,430.29]],"o":[[-430.289,0],[0,430.29],[430.288,0],[0,-430.291]],"v":[[-0.001,-780.356],[-780.354,0.001],[-0.001,780.356],[780.354,0.001]],"c":true},"ix":2},"nm":"Path 1","mn":"ADBE Vector Shape - Group","hd":false},{"ind":1,"ty":"sh","ix":2,"ks":{"a":0,"k":{"i":[[217.459,0],[153.766,153.767],[0,217.459],[-153.767,153.768],[-217.459,0],[-153.767,-153.767],[0,-217.459],[153.767,-153.767]],"o":[[-217.459,0],[-153.767,-153.767],[0,-217.459],[153.766,-153.767],[217.459,0],[153.767,153.768],[0,217.459],[-153.767,153.767]],"v":[[-0.001,814.12],[-575.668,575.67],[-814.118,0.001],[-575.668,-575.67],[-0.001,-814.12],[575.669,-575.67],[814.118,0.001],[575.669,575.67]],"c":true},"ix":2},"nm":"Path 2","mn":"ADBE Vector Shape - Group","hd":false},{"ty":"mm","mm":1,"nm":"Merge Paths 1","mn":"ADBE Vector Filter - Merge","hd":false},{"ty":"fl","c":{"a":0,"k":[0.754505710976,0.825590485218,0.984832883349,1],"ix":4},"o":{"a":0,"k":100,"ix":5},"r":1,"bm":0,"nm":"Fill 1","mn":"ADBE Vector Graphic - Fill","hd":false},{"ty":"tr","p":{"a":0,"k":[934.373,934.372],"ix":2},"a":{"a":0,"k":[0,0],"ix":1},"s":{"a":0,"k":[100,100],"ix":3},"r":{"a":0,"k":0,"ix":6},"o":{"a":0,"k":100,"ix":7},"sk":{"a":0,"k":0,"ix":4},"sa":{"a":0,"k":0,"ix":5},"nm":"Transform"}],"nm":"Group 3","np":4,"cix":2,"bm":0,"ix":3,"mn":"ADBE Vector Group","hd":false},{"ty":"gr","it":[{"ind":0,"ty":"sh","ix":1,"ks":{"a":0,"k":{"i":[[0,-440.302],[440.301,0],[0,440.301],[-440.302,0]],"o":[[0,440.301],[-440.302,0],[0,-440.302],[440.301,0]],"v":[[797.237,0],[0,797.237],[-797.237,0],[0,-797.237]],"c":true},"ix":2},"nm":"Path 1","mn":"ADBE Vector Shape - Group","hd":false},{"ty":"fl","c":{"a":0,"k":[0.290041575712,0.297618701411,0.891941145355,1],"ix":4},"o":{"a":0,"k":100,"ix":5},"r":1,"bm":0,"nm":"Fill 1","mn":"ADBE Vector Graphic - Fill","hd":false},{"ty":"tr","p":{"a":0,"k":[934.373,934.372],"ix":2},"a":{"a":0,"k":[0,0],"ix":1},"s":{"a":0,"k":[100,100],"ix":3},"r":{"a":0,"k":0,"ix":6},"o":{"a":0,"k":100,"ix":7},"sk":{"a":0,"k":0,"ix":4},"sa":{"a":0,"k":0,"ix":5},"nm":"Transform"}],"nm":"Group 4","np":2,"cix":2,"bm":0,"ix":4,"mn":"ADBE Vector Group","hd":false},{"ty":"gr","it":[{"ind":0,"ty":"sh","ix":1,"ks":{"a":0,"k":{"i":[[0,-515.901],[515.9,0],[0,515.9],[-515.902,0]],"o":[[0,515.9],[-515.902,0],[0,-515.901],[515.9,0]],"v":[[934.122,0],[0.001,934.121],[-934.122,0],[0.001,-934.121]],"c":true},"ix":2},"nm":"Path 1","mn":"ADBE Vector Shape - Group","hd":false},{"ty":"fl","c":{"a":0,"k":[1,1,1,1],"ix":4},"o":{"a":0,"k":100,"ix":5},"r":1,"bm":0,"nm":"Fill 1","mn":"ADBE Vector Graphic - Fill","hd":false},{"ty":"tr","p":{"a":0,"k":[934.372,934.372],"ix":2},"a":{"a":0,"k":[0,0],"ix":1},"s":{"a":0,"k":[100,100],"ix":3},"r":{"a":0,"k":0,"ix":6},"o":{"a":0,"k":100,"ix":7},"sk":{"a":0,"k":0,"ix":4},"sa":{"a":0,"k":0,"ix":5},"nm":"Transform"}],"nm":"Group 5","np":2,"cix":2,"bm":0,"ix":5,"mn":"ADBE Vector Group","hd":false}],"ip":0,"op":180,"st":0,"bm":0},{"ddd":0,"ind":26,"ty":4,"nm":"Leaf 3","sr":1,"ks":{"o":{"a":0,"k":100,"ix":11},"r":{"a":1,"k":[{"i":{"x":[0.667],"y":[1]},"o":{"x":[0.333],"y":[0]},"t":0,"s":[0]},{"i":{"x":[0.667],"y":[1]},"o":{"x":[0.333],"y":[0]},"t":45,"s":[-3]},{"t":90,"s":[0]}],"ix":10},"p":{"a":0,"k":[1709.716,2692.808,0],"ix":2,"l":2},"a":{"a":0,"k":[1252.05,1263.292,0],"ix":1,"l":2},"s":{"a":0,"k":[100,100,100],"ix":6,"l":2}},"ao":0,"shapes":[{"ty":"gr","it":[{"ind":0,"ty":"sh","ix":1,"ks":{"a":0,"k":{"i":[[0,0],[-5.127,4.473],[-10.059,7.793],[-14.695,9.953],[-19.263,10.424],[-23.74,8.62],[-12.869,3.374],[-13.87,1.3],[-7.063,0.449],[-3.573,-0.013],[0,0],[0,0],[-14.355,-3.67],[-13.588,-5.178],[-13.07,-6.839],[-12.049,-8.425],[-10.725,-9.792],[-15.134,-23.001],[-10.421,-22.827],[-6.88,-20.713],[-4.277,-17.171],[-1.618,-7.479],[-1.213,-6.23],[-1.169,-6.693],[0,0],[1.377,-0.245],[0.292,1.317],[0,0],[1.459,6.607],[1.057,4.789],[1.46,6.14],[1.92,7.354],[2.415,8.438],[7.284,20.284],[30.612,43.88],[20.534,18.91],[11.507,8.163],[12.515,6.651],[13.186,5.116],[13.911,3.756],[13.497,0.626],[0,0],[0,0],[3.339,-0.035],[6.557,-0.885],[12.48,-2.7],[11.528,-4.113],[19.167,-9.684],[14.935,-9.124],[10.273,-7.273],[5.347,-4.104],[0,0],[0.93,1.116],[-1.002,0.947]],"o":[[0,0],[5.134,-4.494],[10.044,-7.811],[14.685,-9.971],[19.272,-10.395],[11.83,-4.403],[12.968,-2.983],[6.891,-0.95],[3.541,-0.055],[0,0],[0,0],[14.422,0.641],[13.558,3.741],[13.643,5.391],[12.985,7.004],[11.943,8.582],[21.158,19.871],[15.319,22.876],[10.426,22.839],[6.817,20.74],[2.172,8.579],[1.706,7.461],[2.583,12.427],[1.191,6.688],[0.244,1.376],[-1.34,0.238],[0,0],[0,0],[-0.728,-3.303],[-1.134,-4.769],[-1.395,-6.153],[-1.835,-7.377],[-4.747,-16.896],[-14.31,-40.557],[-15.228,-21.928],[-10.366,-9.339],[-11.617,-8.006],[-12.603,-6.488],[-13.37,-4.971],[-13.19,-3.354],[0,0],[0,0],[-3.36,-0.025],[-6.675,0.409],[-13.154,1.121],[-12.411,3.077],[-23.208,7.756],[-19.205,9.634],[-14.921,9.157],[-10.251,7.303],[-5.35,4.131],[-1.116,0.931],[-0.895,-1.073],[0,0]],"v":[[-325.786,-84.234],[-317.975,-91.234],[-295.15,-109.987],[-257.992,-136.965],[-206.904,-167.789],[-142.374,-197.055],[-105.168,-208.434],[-64.975,-215.602],[-43.968,-217.084],[-33.29,-217.036],[-27.924,-216.985],[-22.541,-216.588],[20.63,-209.414],[62.026,-195.71],[102.155,-177.347],[139.763,-154.156],[173.793,-126.52],[228.757,-61.82],[267.079,7.332],[292.676,73.101],[309.108,130.285],[314.855,154.387],[319.301,174.935],[324.771,203.872],[326.596,214.127],[324.545,217.063],[321.632,215.121],[321.621,215.07],[319.383,204.938],[316.699,192.773],[312.799,176.383],[307.756,156.109],[301.318,132.373],[283.361,76.298],[218.321,-54.677],[164.692,-116.623],[131.859,-142.942],[95.618,-164.97],[56.882,-182.395],[16.61,-195.432],[-23.507,-202.237],[-28.542,-202.638],[-33.589,-202.702],[-43.634,-202.797],[-63.513,-201.479],[-101.97,-195.127],[-138.018,-184.644],[-201.704,-157.8],[-252.858,-129.016],[-290.728,-104.033],[-314.239,-86.685],[-322.314,-80.281],[-326.02,-80.617],[-325.809,-84.213]],"c":true},"ix":2},"nm":"Path 1","mn":"ADBE Vector Shape - Group","hd":false},{"ty":"fl","c":{"a":0,"k":[1,1,1,1],"ix":4},"o":{"a":0,"k":100,"ix":5},"r":1,"bm":0,"nm":"Fill 1","mn":"ADBE Vector Graphic - Fill","hd":false},{"ty":"tr","p":{"a":0,"k":[785.013,479.044],"ix":2},"a":{"a":0,"k":[0,0],"ix":1},"s":{"a":0,"k":[100,100],"ix":3},"r":{"a":0,"k":0,"ix":6},"o":{"a":0,"k":100,"ix":7},"sk":{"a":0,"k":0,"ix":4},"sa":{"a":0,"k":0,"ix":5},"nm":"Transform"}],"nm":"Group 1","np":2,"cix":2,"bm":0,"ix":1,"mn":"ADBE Vector Group","hd":false},{"ty":"gr","it":[{"ind":0,"ty":"sh","ix":1,"ks":{"a":0,"k":{"i":[[-119.982,-63.259],[9.228,182.355],[157.255,186.182],[216.993,-169.255],[66.151,-13.232],[-7.971,-14.679],[-201.407,12.635],[-94.896,-139.321],[-2.915,-66.026]],"o":[[18.13,9.56],[-9.228,-182.357],[-157.255,-186.182],[-180.826,141.047],[-16.38,3.277],[42.428,78.133],[256.909,-16.117],[94.897,139.321],[2.915,66.028]],"v":[[615.906,626.581],[504.554,246.802],[296.932,-432.975],[-249.525,-466.886],[-609.297,-241.428],[-626.064,-204.981],[-262.276,39.989],[400.883,-3.815],[486.51,279.487]],"c":true},"ix":2},"nm":"Path 1","mn":"ADBE Vector Shape - Group","hd":false},{"ty":"fl","c":{"a":0,"k":[0.754505710976,0.825590485218,0.984832883349,1],"ix":4},"o":{"a":0,"k":100,"ix":5},"r":1,"bm":0,"nm":"Fill 1","mn":"ADBE Vector Graphic - Fill","hd":false},{"ty":"tr","p":{"a":0,"k":[634.285,636.392],"ix":2},"a":{"a":0,"k":[0,0],"ix":1},"s":{"a":0,"k":[100,100],"ix":3},"r":{"a":0,"k":0,"ix":6},"o":{"a":0,"k":100,"ix":7},"sk":{"a":0,"k":0,"ix":4},"sa":{"a":0,"k":0,"ix":5},"nm":"Transform"}],"nm":"Group 2","np":2,"cix":2,"bm":0,"ix":2,"mn":"ADBE Vector Group","hd":false}],"ip":0,"op":180,"st":0,"bm":0},{"ddd":0,"ind":27,"ty":4,"nm":"Leaf 2","sr":1,"ks":{"o":{"a":0,"k":100,"ix":11},"r":{"a":1,"k":[{"i":{"x":[0.667],"y":[1]},"o":{"x":[0.333],"y":[0]},"t":0,"s":[0]},{"i":{"x":[0.667],"y":[1]},"o":{"x":[0.333],"y":[0]},"t":45,"s":[-1]},{"t":90,"s":[0]}],"ix":10},"p":{"a":0,"k":[1724.988,2692.027,0],"ix":2,"l":2},"a":{"a":0,"k":[1284.002,1797.494,0],"ix":1,"l":2},"s":{"a":0,"k":[100,100,100],"ix":6,"l":2}},"ao":0,"shapes":[{"ty":"gr","it":[{"ind":0,"ty":"sh","ix":1,"ks":{"a":0,"k":{"i":[[0,0],[-8.112,-0.615],[-15.058,-2.099],[-20.717,-4.451],[-24.859,-8.004],[-27.255,-12.489],[-27.239,-18.272],[-24.406,-24.401],[-18.842,-29.613],[0,0],[0,0],[0,0],[-3.911,-7.794],[-7.455,-15.306],[-7.184,-15.093],[-6.805,-14.739],[-6.435,-14.237],[-5.962,-13.632],[-9.873,-24.025],[-4.443,-10.972],[-3.819,-9.837],[-5.165,-14.249],[-2.615,-7.695],[0,0],[1.488,-0.498],[0.54,1.415],[0,0],[2.865,7.554],[5.528,14.064],[8.078,19.442],[10.114,23.858],[12.215,27.063],[13.674,29.362],[14.724,30.643],[7.577,15.472],[3.924,7.557],[0,0],[0,0],[0,0],[23.615,23.873],[26.502,18.025],[26.587,12.713],[24.406,8.275],[20.382,4.945],[14.859,2.485],[8.015,0.893],[0,0],[-0.084,1.257],[-1.218,-0.035]],"o":[[0,0],[8.125,0.637],[15.057,2.084],[20.703,4.469],[24.868,7.947],[27.223,12.516],[27.226,18.259],[24.422,24.37],[0,0],[0,0],[0,0],[4.123,7.731],[7.542,15.488],[7.33,15.398],[7.004,15.169],[6.796,14.743],[6.415,14.247],[11.76,27.341],[4.875,12.038],[4.284,11.036],[7.517,19.725],[5.213,14.232],[2.579,7.718],[0.496,1.487],[-1.449,0.484],[0,0],[0,0],[-2.963,-7.534],[-5.571,-14.049],[-8.218,-19.384],[-10.274,-23.79],[-12.272,-27.037],[-13.736,-29.344],[-7.488,-15.289],[-3.825,-7.597],[0,0],[0,0],[0,0],[-18.104,-28.863],[-23.598,-23.902],[-26.498,-18.047],[-26.577,-12.75],[-24.427,-8.218],[-20.377,-4.982],[-14.862,-2.465],[-8.029,-0.911],[-1.258,-0.084],[0.083,-1.227],[0,0]],"v":[[-347.749,-382.768],[-335.243,-382.024],[-300.152,-378.244],[-246.149,-368.719],[-177.338,-350.496],[-98.651,-320.136],[-16.178,-274.381],[62.023,-210.379],[127.481,-128.956],[134.409,-117.761],[137.871,-112.165],[141.008,-106.385],[153.274,-83.169],[175.784,-36.948],[197.57,8.82],[218.298,53.714],[237.97,97.302],[256.281,139.276],[288.778,216.599],[302.769,251.144],[314.938,282.485],[334.066,333.693],[345.748,366.889],[349.703,378.725],[347.909,382.318],[344.356,380.637],[344.332,380.573],[339.937,368.99],[327.104,336.341],[306.514,285.855],[278.91,220.745],[245.123,144.193],[206.171,59.313],[163.296,-30.849],[140.683,-77.021],[128.78,-99.581],[125.775,-105.213],[122.448,-110.664],[115.794,-121.572],[52.698,-201.102],[-23.176,-264.021],[-103.33,-310.15],[-180.322,-341.42],[-247.884,-361.12],[-301.098,-372.061],[-335.712,-377.019],[-347.99,-378.211],[-350.115,-380.639],[-347.777,-382.768]],"c":true},"ix":2},"nm":"Path 1","mn":"ADBE Vector Shape - Group","hd":false},{"ty":"fl","c":{"a":0,"k":[0.754505710976,0.825590485218,0.984832883349,1],"ix":4},"o":{"a":0,"k":100,"ix":5},"r":1,"bm":0,"nm":"Fill 1","mn":"ADBE Vector Graphic - Fill","hd":false},{"ty":"tr","p":{"a":0,"k":[574.344,554.168],"ix":2},"a":{"a":0,"k":[0,0],"ix":1},"s":{"a":0,"k":[100,100],"ix":3},"r":{"a":0,"k":0,"ix":6},"o":{"a":0,"k":100,"ix":7},"sk":{"a":0,"k":0,"ix":4},"sa":{"a":0,"k":0,"ix":5},"nm":"Transform"}],"nm":"Group 1","np":2,"cix":2,"bm":0,"ix":1,"mn":"ADBE Vector Group","hd":false},{"ty":"gr","it":[{"ind":0,"ty":"sh","ix":1,"ks":{"a":0,"k":{"i":[[-79.346,-39.68],[87.375,580.208],[154.521,133.065],[144.351,-25.2],[-13.929,-11.884],[-37.448,-138.305],[-154.576,-32.524],[-73.486,-248.182]],"o":[[27.924,13.964],[-41.173,-273.409],[-128.602,-110.745],[-18.037,3.147],[68.671,58.596],[49.361,182.297],[154.575,32.523],[73.486,248.184]],"v":[[626.973,891.45],[277,-46.057],[83.418,-794.668],[-630.616,-814.385],[-640.967,-776.647],[-388.048,-441.655],[-12.082,-109.782],[301.865,201.985]],"c":true},"ix":2},"nm":"Path 1","mn":"ADBE Vector Shape - Group","hd":false},{"ty":"fl","c":{"a":0,"k":[0.591472670611,0.717538631664,0.981041882085,1],"ix":4},"o":{"a":0,"k":100,"ix":5},"r":1,"bm":0,"nm":"Fill 1","mn":"ADBE Vector Graphic - Fill","hd":false},{"ty":"tr","p":{"a":0,"k":[655.146,905.664],"ix":2},"a":{"a":0,"k":[0,0],"ix":1},"s":{"a":0,"k":[100,100],"ix":3},"r":{"a":0,"k":0,"ix":6},"o":{"a":0,"k":100,"ix":7},"sk":{"a":0,"k":0,"ix":4},"sa":{"a":0,"k":0,"ix":5},"nm":"Transform"}],"nm":"Group 2","np":2,"cix":2,"bm":0,"ix":2,"mn":"ADBE Vector Group","hd":false}],"ip":0,"op":180,"st":0,"bm":0},{"ddd":0,"ind":28,"ty":4,"nm":"Leaf 1","sr":1,"ks":{"o":{"a":0,"k":100,"ix":11},"r":{"a":1,"k":[{"i":{"x":[0.667],"y":[1]},"o":{"x":[0.333],"y":[0]},"t":0,"s":[0]},{"i":{"x":[0.667],"y":[1]},"o":{"x":[0.333],"y":[0]},"t":45,"s":[3]},{"t":90,"s":[0]}],"ix":10},"p":{"a":0,"k":[1579.092,1846.836,0],"ix":2,"l":2},"a":{"a":0,"k":[507.92,1398.496,0],"ix":1,"l":2},"s":{"a":0,"k":[100,100,100],"ix":6,"l":2}},"ao":0,"shapes":[{"ty":"gr","it":[{"ind":0,"ty":"sh","ix":1,"ks":{"a":0,"k":{"i":[[0,0],[-6.655,-6.865],[-11.736,-13.293],[-6.848,-8.2],[-7.726,-9.632],[-8.439,-10.988],[-4.438,-5.764],[-4.511,-6.117],[-4.682,-6.375],[-4.696,-6.719],[-4.839,-6.947],[-4.808,-7.268],[-4.826,-7.53],[-4.844,-7.767],[-4.753,-8.043],[-4.755,-8.238],[-4.676,-8.456],[-4.634,-8.628],[-4.552,-8.796],[-4.406,-8.971],[-4.438,-9.035],[-4.15,-9.227],[-4.156,-9.259],[0,0],[0,0],[0,0],[0,0],[0,0],[0,0],[-9.832,-38.948],[-5.228,-37.859],[-1.53,-34.947],[1.002,-30.488],[2.495,-24.646],[2.731,-17.584],[1.907,-9.372],[0.524,-2.422],[0,0],[3.916,0.915],[-0.733,3.816],[0,0],[-0.449,2.315],[-0.808,4.597],[-2.25,17.384],[-1.812,24.36],[-0.62,30.037],[1.962,34.341],[5.244,37.095],[9.644,38.078],[14.361,37.042],[0,0],[0,0],[0,0],[0,0],[0,0],[0,0],[4.013,9.146],[3.998,9.1],[4.278,8.898],[4.239,8.82],[4.446,8.598],[4.387,8.488],[4.54,8.241],[4.492,8.079],[4.593,7.807],[4.486,7.636],[4.546,7.337],[4.441,7.115],[4.466,6.785],[4.322,6.543],[4.299,6.188],[4.126,5.917],[4.044,5.552],[7.38,9.783],[6.53,8.358],[5.526,6.85],[6.183,7.102],[0,0],[-1.679,1.548],[-1.561,-1.52]],"o":[[0,0],[6.582,6.865],[5.838,6.671],[6.91,8.151],[7.826,9.555],[4.227,5.49],[4.318,5.855],[4.503,6.128],[4.532,6.484],[4.685,6.727],[4.672,7.062],[4.784,7.284],[4.731,7.592],[4.77,7.812],[4.672,8.093],[4.721,8.258],[4.573,8.513],[4.625,8.633],[4.367,8.89],[4.407,8.972],[4.13,9.181],[4.143,9.231],[0,0],[0,0],[0,0],[0,0],[0,0],[0,0],[14.893,38.21],[9.769,38.99],[5.292,37.859],[1.475,34.959],[-0.925,30.496],[-2.516,24.649],[-2.699,17.591],[-1.013,4.688],[-0.576,2.465],[-0.914,3.915],[-3.818,-0.892],[0,0],[0,0],[0.417,-2.374],[1.571,-9.228],[2.215,-17.388],[1.831,-24.359],[0.541,-30.04],[-1.905,-34.344],[-5.297,-37.088],[-9.561,-38.115],[0,0],[0,0],[0,0],[0,0],[0,0],[0,0],[-4.022,-9.172],[-4.017,-9.145],[-4.307,-8.96],[-4.278,-8.899],[-4.497,-8.693],[-4.446,-8.601],[-4.491,-8.433],[-4.574,-8.224],[-4.575,-8.032],[-4.59,-7.814],[-4.58,-7.579],[-4.572,-7.324],[-4.613,-7.006],[-4.478,-6.78],[-4.474,-6.438],[-4.313,-6.183],[-4.249,-5.831],[-7.933,-11.23],[-7.283,-9.863],[-6.471,-8.41],[-11.173,-13.591],[-6.162,-7.055],[-1.546,-1.678],[1.621,-1.495],[0,0]],"v":[[-206.039,-594.71],[-195.767,-584.311],[-167.798,-554.079],[-148.514,-531.927],[-126.33,-505.383],[-101.746,-474.659],[-88.745,-457.774],[-75.5,-439.812],[-61.721,-421.054],[-47.877,-401.247],[-33.587,-380.731],[-19.366,-359.233],[-4.802,-337.098],[9.562,-314.056],[24.045,-290.384],[38.189,-265.883],[52.494,-240.92],[66.307,-215.204],[80.182,-189.11],[93.346,-162.314],[106.616,-135.3],[119.037,-107.684],[131.485,-79.945],[133.044,-76.472],[133.503,-75.409],[133.856,-74.532],[134.562,-72.777],[137.386,-65.758],[143.034,-51.714],[180.052,64.507],[202.285,180.268],[211.923,289.933],[212.352,388.461],[206.695,471.491],[198.553,535.134],[191.207,575.829],[188.894,586.533],[188.021,590.27],[179.275,595.703],[173.781,587.249],[173.82,587.048],[174.498,583.538],[176.344,573.043],[182.15,532.808],[188.452,469.876],[192.149,387.943],[190.287,291.002],[179.475,183.47],[157.171,70.269],[121.307,-42.992],[115.68,-57.043],[112.866,-64.067],[112.164,-65.823],[111.813,-66.701],[111.521,-67.372],[110.01,-70.812],[97.954,-98.294],[85.927,-125.666],[73.047,-152.457],[60.27,-179.041],[46.852,-204.981],[33.602,-230.619],[19.848,-255.523],[6.245,-279.982],[-7.712,-303.628],[-21.328,-326.806],[-35.166,-349.092],[-48.69,-370.754],[-62.311,-391.444],[-75.512,-411.433],[-88.677,-430.377],[-101.34,-448.53],[-113.783,-465.609],[-136.935,-497.036],[-157.881,-524.233],[-176.123,-546.96],[-202.401,-578.21],[-211.981,-588.969],[-211.743,-594.808],[-206.064,-594.734]],"c":true},"ix":2},"nm":"Path 1","mn":"ADBE Vector Shape - Group","hd":false},{"ty":"fl","c":{"a":0,"k":[1,1,1,1],"ix":4},"o":{"a":0,"k":100,"ix":5},"r":1,"bm":0,"nm":"Fill 1","mn":"ADBE Vector Graphic - Fill","hd":false},{"ty":"tr","p":{"a":0,"k":[346.832,725.86],"ix":2},"a":{"a":0,"k":[0,0],"ix":1},"s":{"a":0,"k":[100,100],"ix":3},"r":{"a":0,"k":0,"ix":6},"o":{"a":0,"k":100,"ix":7},"sk":{"a":0,"k":0,"ix":4},"sa":{"a":0,"k":0,"ix":5},"nm":"Transform"}],"nm":"Group 1","np":2,"cix":2,"bm":0,"ix":1,"mn":"ADBE Vector Group","hd":false},{"ty":"gr","it":[{"ind":0,"ty":"sh","ix":1,"ks":{"a":0,"k":{"i":[[129.925,30.692],[-0.773,-18.855],[5.799,-252.826],[-134.695,-86.753],[0,0],[90.035,349.346]],"o":[[-18.368,-4.34],[1.982,48.343],[-9.905,431.854],[134.694,86.75],[0,0],[-75.946,-294.68]],"v":[[-334.742,-702.125],[-369.721,-673.212],[-372.349,-261.333],[13.245,319.603],[127.027,706.465],[292.219,-255.621]],"c":true},"ix":2},"nm":"Path 1","mn":"ADBE Vector Shape - Group","hd":false},{"ty":"fl","c":{"a":0,"k":[0.754505710976,0.825590485218,0.984832883349,1],"ix":4},"o":{"a":0,"k":100,"ix":5},"r":1,"bm":0,"nm":"Fill 1","mn":"ADBE Vector Graphic - Fill","hd":false},{"ty":"tr","p":{"a":0,"k":[382.503,706.715],"ix":2},"a":{"a":0,"k":[0,0],"ix":1},"s":{"a":0,"k":[100,100],"ix":3},"r":{"a":0,"k":0,"ix":6},"o":{"a":0,"k":100,"ix":7},"sk":{"a":0,"k":0,"ix":4},"sa":{"a":0,"k":0,"ix":5},"nm":"Transform"}],"nm":"Group 2","np":2,"cix":2,"bm":0,"ix":2,"mn":"ADBE Vector Group","hd":false}],"ip":0,"op":180,"st":0,"bm":0},{"ddd":0,"ind":29,"ty":4,"nm":"BG","sr":1,"ks":{"o":{"a":0,"k":100,"ix":11},"r":{"a":0,"k":0,"ix":10},"p":{"a":0,"k":[1859.792,1854.005,0],"ix":2,"l":2},"a":{"a":0,"k":[1515.428,1439.379,0],"ix":1,"l":2},"s":{"a":1,"k":[{"i":{"x":[0.667,0.667,0.667],"y":[1,1,1]},"o":{"x":[0.333,0.333,0.333],"y":[0,0,0]},"t":0,"s":[100,100,100]},{"i":{"x":[0.667,0.667,0.667],"y":[1,1,1]},"o":{"x":[0.333,0.333,0.333],"y":[0,0,0]},"t":45,"s":[110,110,100]},{"t":90,"s":[100,100,100]}],"ix":6,"l":2}},"ao":0,"shapes":[{"ty":"gr","it":[{"ind":0,"ty":"sh","ix":1,"ks":{"a":0,"k":{"i":[[434.67,-457.607],[42.88,-30.767],[126.757,25.745],[261.585,307.618],[-306.975,484.012],[-602.845,78.802],[-307.977,-258.024]],"o":[[-57.359,60.385],[-504.047,361.66],[-187.179,-38.018],[-395.756,-465.402],[56.151,-88.534],[364.835,-47.691],[646.471,541.614]],"v":[[1053.69,977.917],[899.177,1108.011],[-328.048,1338.504],[-1138.626,919.382],[-1165.782,-763.258],[-210.182,-1421.98],[887.911,-1115.461]],"c":true},"ix":2},"nm":"Path 1","mn":"ADBE Vector Shape - Group","hd":false},{"ty":"fl","c":{"a":0,"k":[0.918480308383,0.940282066196,0.992416082644,1],"ix":4},"o":{"a":0,"k":100,"ix":5},"r":1,"bm":0,"nm":"Fill 1","mn":"ADBE Vector Graphic - Fill","hd":false},{"ty":"tr","p":{"a":0,"k":[1534.632,1469.921],"ix":2},"a":{"a":0,"k":[0,0],"ix":1},"s":{"a":0,"k":[100,100],"ix":3},"r":{"a":0,"k":0,"ix":6},"o":{"a":0,"k":100,"ix":7},"sk":{"a":0,"k":0,"ix":4},"sa":{"a":0,"k":0,"ix":5},"nm":"Transform"}],"nm":"Group 1","np":2,"cix":2,"bm":0,"ix":1,"mn":"ADBE Vector Group","hd":false}],"ip":0,"op":180,"st":0,"bm":0}],"markers":[]}